protocol,bidirectional_duration_ms,bidirectional_packets,bidirectional_bytes,src2dst_packets,dst2src_packets,src2dst_bytes,dst2src_bytes,bidirectional_mean_ps,bidirectional_syn_packets,bidirectional_ack_packets,bidirectional_rst_packets,bidirectional_fin_packets,bidirectional_psh_packets,bytes_asymmetry_ratio,packets_asymmetry_ratio,bidirectional_packets_per_ms,bytes_per_packet,syn_ack_ratio_nfstream,manual_packet_count,iat_mean_ms,iat_std_ms,iat_cv,rtt_estimate_ms,tcp_window_min,tcp_window_max,tcp_window_mean,tcp_window_var,syn_ack_ratio_manual,duration_zero_flag,syn_ack_ratio_nfstream_missing,iat_mean_ms_missing,iat_std_ms_missing,iat_cv_missing,rtt_estimate_ms_missing,tcp_window_min_missing,tcp_window_max_missing,tcp_window_mean_missing,tcp_window_var_missing,syn_ack_ratio_manual_missing,label
0.9959998233475708,-0.5498975067269439,-1.2586542520945894,-1.391128219438658,0.0,-1.221632427042615,-1.0786080540163847,-1.2216324270426153,-1.2533471612858662,-1.0740152568422034,-1.0740152568422034,-0.71143163362698,0.0,0.0,1.1471811032245511,1.1661595443085742,-1.1578672735905835,-1.2533471612858662,0.0,-1.2586542520945894,-0.6339085515672855,0.0,0.0,-3.469446951953614e-18,0.0,0.0,0.0,0.0,0.0,0.5498975067269439,1.0740152568422037,1.2586542520945894,1.2586542520945894,1.2586542520945894,0.49936346250449504,1.0740152568422037,1.0740152568422037,1.0740152568422037,1.0740152568422037,1.0740152568422037,udp_scan
-0.8692550469368361,1.8185207020706828,0.7944993617872821,1.2292150942578886,0.0,0.8185768303652898,1.5450125274799458,0.8185768303652896,1.2657580258456025,0.9310854698099713,0.9310854698099713,-0.71143163362698,0.0,0.0,-0.8722819620571747,-0.11339567318616328,0.8670257823782943,1.2657580258456025,0.0,0.7944993617872821,1.7561212371493518,0.0,0.0,-3.469446951953614e-18,0.0,0.0,0.0,0.0,0.0,-1.8185207020706826,-0.9310854698099713,-0.7944993617872822,-0.7944993617872822,-0.7944993617872822,-2.002549395553741,-0.9310854698099713,-0.9310854698099713,-0.9310854698099713,-0.9310854698099713,-0.9310854698099713,normal
0.9959998233475708,-0.5498975067269439,-1.2586542520945894,-1.391128219438658,0.0,-1.221632427042615,-1.0786080540163847,-1.2216324270426153,-1.2533471612858662,-1.0740152568422034,-1.0740152568422034,-0.71143163362698,0.0,0.0,1.1471811032245511,1.1661595443085742,-1.1578672735905835,-1.2533471612858662,0.0,-1.2586542520945894,-0.6339085515672855,0.0,0.0,-3.469446951953614e-18,0.0,0.0,0.0,0.0,0.0,0.5498975067269439,1.0740152568422037,1.2586542520945894,1.2586542520945894,1.2586542520945894,0.49936346250449504,1.0740152568422037,1.0740152568422037,1.0740152568422037,1.0740152568422037,1.0740152568422037,udp_scan
0.9959998233475708,-0.5498975067269439,-1.2586542520945894,-1.391128219438658,0.0,-1.221632427042615,-1.0786080540163847,-1.2216324270426153,-1.2533471612858662,-1.0740152568422034,-1.0740152568422034,-0.71143163362698,0.0,0.0,1.1471811032245511,1.1661595443085742,-1.1578672735905835,-1.2533471612858662,0.0,-1.2586542520945894,-0.6339085515672855,0.0,0.0,-3.469446951953614e-18,0.0,0.0,0.0,0.0,0.0,0.5498975067269439,1.0740152568422037,1.2586542520945894,1.2586542520945894,1.2586542520945894,0.49936346250449504,1.0740152568422037,1.0740152568422037,1.0740152568422037,1.0740152568422037,1.0740152568422037,udp_scan
0.9959998233475708,-0.5498975067269439,-1.2586542520945894,-1.391128219438658,0.0,-1.221632427042615,-1.0786080540163847,-1.2216324270426153,-1.2533471612858662,-1.0740152568422034,-1.0740152568422034,-0.71143163362698,0.0,0.0,1.1471811032245511,1.1661595443085742,-1.1578672735905835,-1.2533471612858662,0.0,-1.2586542520945894,-0.6339085515672855,0.0,0.0,-3.469446951953614e-18,0.0,0.0,0.0,0.0,0.0,0.5498975067269439,1.0740152568422037,1.2586542520945894,1.2586542520945894,1.2586542520945894,0.49936346250449504,1.0740152568422037,1.0740152568422037,1.0740152568422037,1.0740152568422037,1.0740152568422037,udp_scan
-0.8692550469368361,-0.5498975067269439,0.7944993617872821,0.24658635162168366,0.0,0.8185768303652898,-0.4789233496743663,0.8185768303652896,-0.36049975318863686,0.9310854698099713,0.9310854698099713,1.4056164397720938,0.0,0.0,-0.8722819620571747,-0.9664324848493213,0.8670257823782943,-0.36049975318863686,0.0,0.7944993617872821,-0.6034385917989583,0.0,0.0,-3.469446951953614e-18,0.0,0.0,0.0,0.0,0.0,0.5498975067269439,-0.9310854698099713,-0.7944993617872822,-0.7944993617872822,-0.7944993617872822,0.49936346250449504,-0.9310854698099713,-0.9310854698099713,-0.9310854698099713,-0.9310854698099713,-0.9310854698099713,syn_scan
0.9959998233475708,-0.5498975067269439,-1.2586542520945894,-0.31491578702757633,0.0,-1.221632427042615,0.6454854709669182,-1.2216324270426153,1.2657580258456025,-1.0740152568422034,-1.0740152568422034,-0.71143163362698,0.0,0.0,1.1471811032245511,1.1661595443085742,-1.1578672735905835,1.2657580258456025,0.0,-1.2586542520945894,-0.6339085515672855,0.0,0.0,-3.469446951953614e-18,0.0,0.0,0.0,0.0,0.0,0.5498975067269439,1.0740152568422037,1.2586542520945894,1.2586542520945894,1.2586542520945894,0.49936346250449504,1.0740152568422037,1.0740152568422037,1.0740152568422037,1.0740152568422037,1.0740152568422037,icmp_flood
0.9959998233475708,1.8185207020706828,0.7944993617872821,1.2292150942578886,0.0,-1.221632427042615,1.5450125274799458,-1.2216324270426153,1.2657580258456025,-1.0740152568422034,-1.0740152568422034,-0.71143163362698,0.0,0.0,1.1471811032245511,1.1661595443085742,0.8670257823782943,1.2657580258456025,0.0,0.7944993617872821,-0.1406760778175159,0.0,0.0,-3.469446951953614e-18,0.0,0.0,0.0,0.0,0.0,-1.8185207020706826,1.0740152568422037,-0.7944993617872822,-0.7944993617872822,-0.7944993617872822,0.49936346250449504,1.0740152568422037,1.0740152568422037,1.0740152568422037,1.0740152568422037,1.0740152568422037,port_sweep
0.9959998233475708,-0.5498975067269439,-1.2586542520945894,-1.391128219438658,0.0,-1.221632427042615,-1.0786080540163847,-1.2216324270426153,-1.2533471612858662,-1.0740152568422034,-1.0740152568422034,-0.71143163362698,0.0,0.0,1.1471811032245511,1.1661595443085742,-1.1578672735905835,-1.2533471612858662,0.0,-1.2586542520945894,-0.6339085515672855,0.0,0.0,-3.469446951953614e-18,0.0,0.0,0.0,0.0,0.0,0.5498975067269439,1.0740152568422037,1.2586542520945894,1.2586542520945894,1.2586542520945894,0.49936346250449504,1.0740152568422037,1.0740152568422037,1.0740152568422037,1.0740152568422037,1.0740152568422037,udp_scan
-0.8692550469368361,-0.5498975067269439,0.7944993617872821,0.24658635162168366,0.0,0.8185768303652898,-0.4789233496743663,0.8185768303652896,-0.36049975318863686,0.9310854698099713,0.9310854698099713,1.4056164397720938,0.0,0.0,-0.8722819620571747,-0.9664324848493213,0.8670257823782943,-0.36049975318863686,0.0,0.7944993617872821,-0.6948484711039364,0.0,0.0,-3.469446951953614e-18,0.0,0.0,0.0,0.0,0.0,0.5498975067269439,-0.9310854698099713,-0.7944993617872822,-0.7944993617872822,-0.7944993617872822,0.49936346250449504,-0.9310854698099713,-0.9310854698099713,-0.9310854698099713,-0.9310854698099713,-0.9310854698099713,port_sweep
0.9959998233475708,-0.5498975067269439,-1.2586542520945894,-0.8296260807893979,0.0,-1.221632427042615,-0.1790809975033571,-1.2216324270426153,0.2772483954522413,-1.0740152568422034,-1.0740152568422034,-0.71143163362698,0.0,0.0,1.1471811032245511,1.1661595443085742,-1.1578672735905835,0.2772483954522413,0.0,-1.2586542520945894,-0.6339085515672855,0.0,0.0,-3.469446951953614e-18,0.0,0.0,0.0,0.0,0.0,0.5498975067269439,1.0740152568422037,1.2586542520945894,1.2586542520945894,1.2586542520945894,0.49936346250449504,1.0740152568422037,1.0740152568422037,1.0740152568422037,1.0740152568422037,1.0740152568422037,icmp_flood
-0.8692550469368361,1.8185207020706828,0.7944993617872821,1.2292150942578886,0.0,0.8185768303652898,1.5450125274799458,0.8185768303652896,1.2657580258456025,0.9310854698099713,0.9310854698099713,-0.71143163362698,0.0,0.0,-0.8722819620571747,-0.9664324848493213,0.8670257823782943,1.2657580258456025,0.0,0.7944993617872821,-0.22230142262792071,0.0,0.0,-3.469446951953614e-18,0.0,0.0,0.0,0.0,0.0,-1.8185207020706826,-0.9310854698099713,-0.7944993617872822,-0.7944993617872822,-0.7944993617872822,-2.002549395553741,-0.9310854698099713,-0.9310854698099713,-0.9310854698099713,-0.9310854698099713,-0.9310854698099713,normal
0.9959998233475708,-0.5498975067269439,-1.2586542520945894,-1.391128219438658,0.0,-1.221632427042615,-1.0786080540163847,-1.2216324270426153,-1.2533471612858662,-1.0740152568422034,-1.0740152568422034,-0.71143163362698,0.0,0.0,1.1471811032245511,1.1661595443085742,-1.1578672735905835,-1.2533471612858662,0.0,-1.2586542520945894,-0.6339085515672855,0.0,0.0,-3.469446951953614e-18,0.0,0.0,0.0,0.0,0.0,0.5498975067269439,1.0740152568422037,1.2586542520945894,1.2586542520945894,1.2586542520945894,0.49936346250449504,1.0740152568422037,1.0740152568422037,1.0740152568422037,1.0740152568422037,1.0740152568422037,udp_scan
0.9959998233475708,1.8185207020706828,0.7944993617872821,1.2292150942578886,0.0,-1.221632427042615,1.5450125274799458,-1.2216324270426153,1.2657580258456025,-1.0740152568422034,-1.0740152568422034,-0.71143163362698,0.0,0.0,1.1471811032245511,1.1661595443085742,0.8670257823782943,1.2657580258456025,0.0,0.7944993617872821,0.5376886068460518,0.0,0.0,-3.469446951953614e-18,0.0,0.0,0.0,0.0,0.0,-1.8185207020706826,1.0740152568422037,-0.7944993617872822,-0.7944993617872822,-0.7944993617872822,0.49936346250449504,1.0740152568422037,1.0740152568422037,1.0740152568422037,1.0740152568422037,1.0740152568422037,port_sweep
-0.8692550469368361,-0.5498975067269439,0.7944993617872821,0.24658635162168366,0.0,0.8185768303652898,-0.4789233496743663,0.8185768303652896,-0.36049975318863686,0.9310854698099713,0.9310854698099713,1.4056164397720938,0.0,0.0,-0.8722819620571747,-0.9664324848493213,0.8670257823782943,-0.36049975318863686,0.0,0.7944993617872821,-0.4053838533048435,0.0,0.0,-3.469446951953614e-18,0.0,0.0,0.0,0.0,0.0,0.5498975067269439,-0.9310854698099713,-0.7944993617872822,-0.7944993617872822,-0.7944993617872822,0.49936346250449504,-0.9310854698099713,-0.9310854698099713,-0.9310854698099713,-0.9310854698099713,-0.9310854698099713,syn_scan
-0.8692550469368361,1.8185207020706828,0.7944993617872821,1.2292150942578886,0.0,0.8185768303652898,1.5450125274799458,0.8185768303652896,1.2186861386840144,0.9310854698099713,0.9310854698099713,-0.71143163362698,0.0,0.0,-0.8722819620571747,-0.9664324848493213,-1.1578672735905835,1.2186861386840135,0.0,0.7944993617872821,1.7561212371493518,0.0,0.0,-3.469446951953614e-18,0.0,0.0,0.0,0.0,0.0,-1.8185207020706826,-0.9310854698099713,-0.7944993617872822,-0.7944993617872822,-0.7944993617872822,-2.002549395553741,-0.9310854698099713,-0.9310854698099713,-0.9310854698099713,-0.9310854698099713,-0.9310854698099713,normal
0.9959998233475708,-0.5498975067269439,-1.2586542520945894,-1.391128219438658,0.0,-1.221632427042615,-1.0786080540163847,-1.2216324270426153,-1.2533471612858662,-1.0740152568422034,-1.0740152568422034,-0.71143163362698,0.0,0.0,1.1471811032245511,1.1661595443085742,-1.1578672735905835,-1.2533471612858662,0.0,-1.2586542520945894,-0.6339085515672855,0.0,0.0,-3.469446951953614e-18,0.0,0.0,0.0,0.0,0.0,0.5498975067269439,1.0740152568422037,1.2586542520945894,1.2586542520945894,1.2586542520945894,0.49936346250449504,1.0740152568422037,1.0740152568422037,1.0740152568422037,1.0740152568422037,1.0740152568422037,udp_scan
0.9959998233475708,-0.5498975067269439,-1.2586542520945894,-1.391128219438658,0.0,-1.221632427042615,-1.0786080540163847,-1.2216324270426153,-1.2533471612858662,-1.0740152568422034,-1.0740152568422034,-0.71143163362698,0.0,0.0,1.1471811032245511,1.1661595443085742,-1.1578672735905835,-1.2533471612858662,0.0,-1.2586542520945894,-0.6339085515672855,0.0,0.0,-3.469446951953614e-18,0.0,0.0,0.0,0.0,0.0,0.5498975067269439,1.0740152568422037,1.2586542520945894,1.2586542520945894,1.2586542520945894,0.49936346250449504,1.0740152568422037,1.0740152568422037,1.0740152568422037,1.0740152568422037,1.0740152568422037,udp_scan
0.9959998233475708,-0.5498975067269439,-1.2586542520945894,-1.391128219438658,0.0,-1.221632427042615,-1.0786080540163847,-1.2216324270426153,-1.2533471612858662,-1.0740152568422034,-1.0740152568422034,-0.71143163362698,0.0,0.0,1.1471811032245511,1.1661595443085742,-1.1578672735905835,-1.2533471612858662,0.0,-1.2586542520945894,-0.6339085515672855,0.0,0.0,-3.469446951953614e-18,0.0,0.0,0.0,0.0,0.0,0.5498975067269439,1.0740152568422037,1.2586542520945894,1.2586542520945894,1.2586542520945894,0.49936346250449504,1.0740152568422037,1.0740152568422037,1.0740152568422037,1.0740152568422037,1.0740152568422037,udp_scan
-0.8692550469368361,-0.5498975067269439,0.7944993617872821,1.2292150942578886,0.0,0.8185768303652898,1.5450125274799458,0.8185768303652896,-0.3179832099459123,0.9310854698099713,0.9310854698099713,1.4056164397720938,0.0,0.0,-0.8317009279054391,0.09986352972962646,0.8670257823782943,-0.3179832099459123,0.0,0.7944993617872821,0.42492255038202537,0.0,0.0,-3.469446951953614e-18,0.0,0.0,0.0,0.0,0.0,0.5498975067269439,-0.9310854698099713,-0.7944993617872822,-0.7944993617872822,-0.7944993617872822,0.49936346250449504,-0.9310854698099713,-0.9310854698099713,-0.9310854698099713,-0.9310854698099713,-0.9310854698099713,port_sweep
0.9959998233475708,-0.5498975067269439,0.7944993617872821,1.2292150942578886,0.0,0.8185768303652898,0.9453278231379273,0.8185768303652896,1.2657580258456025,-1.0740152568422034,-1.0740152568422034,-0.71143163362698,0.0,0.0,-0.8722819620571747,-0.9664324848493213,0.8670257823782943,1.2657580258456025,0.0,0.7944993617872821,1.7561212371493518,0.0,0.0,-3.469446951953614e-18,0.0,0.0,0.0,0.0,0.0,0.5498975067269439,1.0740152568422037,-0.7944993617872822,-0.7944993617872822,-0.7944993617872822,0.49936346250449504,1.0740152568422037,1.0740152568422037,1.0740152568422037,1.0740152568422037,1.0740152568422037,normal
-0.8692550469368361,1.8185207020706828,0.7944993617872821,1.2292150942578886,0.0,0.8185768303652898,1.5450125274799458,0.8185768303652896,1.2657580258456025,0.9310854698099713,0.9310854698099713,-0.71143163362698,0.0,0.0,-0.8722819620571747,-0.9664324848493213,0.8670257823782943,1.2657580258456025,0.0,0.7944993617872821,0.13355356009741498,0.0,0.0,-3.469446951953614e-18,0.0,0.0,0.0,0.0,0.0,-1.8185207020706826,-0.9310854698099713,-0.7944993617872822,-0.7944993617872822,-0.7944993617872822,-2.002549395553741,-0.9310854698099713,-0.9310854698099713,-0.9310854698099713,-0.9310854698099713,-0.9310854698099713,normal
0.9959998233475708,-0.5498975067269439,-1.2586542520945894,-1.391128219438658,0.0,-1.221632427042615,-1.0786080540163847,-1.2216324270426153,-1.2533471612858662,-1.0740152568422034,-1.0740152568422034,-0.71143163362698,0.0,0.0,1.1471811032245511,1.1661595443085742,-1.1578672735905835,-1.2533471612858662,0.0,-1.2586542520945894,-0.6339085515672855,0.0,0.0,-3.469446951953614e-18,0.0,0.0,0.0,0.0,0.0,0.5498975067269439,1.0740152568422037,1.2586542520945894,1.2586542520945894,1.2586542520945894,0.49936346250449504,1.0740152568422037,1.0740152568422037,1.0740152568422037,1.0740152568422037,1.0740152568422037,udp_scan
0.9959998233475708,-0.5498975067269439,-1.2586542520945894,-0.8296260807893979,0.0,-1.221632427042615,-0.1790809975033571,-1.2216324270426153,0.2772483954522413,-1.0740152568422034,-1.0740152568422034,-0.71143163362698,0.0,0.0,1.1471811032245511,1.1661595443085742,-1.1578672735905835,0.2772483954522413,0.0,-1.2586542520945894,-0.6339085515672855,0.0,0.0,-3.469446951953614e-18,0.0,0.0,0.0,0.0,0.0,0.5498975067269439,1.0740152568422037,1.2586542520945894,1.2586542520945894,1.2586542520945894,0.49936346250449504,1.0740152568422037,1.0740152568422037,1.0740152568422037,1.0740152568422037,1.0740152568422037,icmp_flood
-0.8692550469368361,1.8185207020706828,0.7944993617872821,1.2292150942578886,0.0,0.8185768303652898,1.5450125274799458,0.8185768303652896,1.2657580258456025,0.9310854698099713,0.9310854698099713,-0.71143163362698,0.0,0.0,-0.8722819620571747,-0.9664324848493213,-1.1578672735905835,1.2657580258456025,0.0,0.7944993617872821,1.7561212371493518,0.0,0.0,-3.469446951953614e-18,0.0,0.0,0.0,0.0,0.0,-1.8185207020706826,-0.9310854698099713,-0.7944993617872822,-0.7944993617872822,-0.7944993617872822,-2.002549395553741,-0.9310854698099713,-0.9310854698099713,-0.9310854698099713,-0.9310854698099713,-0.9310854698099713,normal
0.9959998233475708,-0.5498975067269439,0.7944993617872821,1.2292150942578886,0.0,0.8185768303652898,0.9453278231379273,0.8185768303652896,1.2657580258456025,-1.0740152568422034,-1.0740152568422034,-0.71143163362698,0.0,0.0,-0.8722819620571747,-0.9664324848493213,0.8670257823782943,1.2657580258456025,0.0,0.7944993617872821,1.7561212371493518,0.0,0.0,-3.469446951953614e-18,0.0,0.0,0.0,0.0,0.0,0.5498975067269439,1.0740152568422037,-0.7944993617872822,-0.7944993617872822,-0.7944993617872822,0.49936346250449504,1.0740152568422037,1.0740152568422037,1.0740152568422037,1.0740152568422037,1.0740152568422037,normal
0.9959998233475708,-0.5498975067269439,0.7944993617872821,1.2292150942578886,0.0,0.8185768303652898,1.0577687052020557,0.8185768303652896,1.2657580258456025,-1.0740152568422034,-1.0740152568422034,-0.71143163362698,0.0,0.0,-0.8722819620571747,-0.9664324848493213,0.8670257823782943,1.2657580258456025,0.0,0.7944993617872821,1.7561212371493518,0.0,0.0,-3.469446951953614e-18,0.0,0.0,0.0,0.0,0.0,0.5498975067269439,1.0740152568422037,-0.7944993617872822,-0.7944993617872822,-0.7944993617872822,0.49936346250449504,1.0740152568422037,1.0740152568422037,1.0740152568422037,1.0740152568422037,1.0740152568422037,normal
-0.8692550469368361,-0.5498975067269439,0.7944993617872821,0.24658635162168366,0.0,0.8185768303652898,-0.4789233496743663,0.8185768303652896,-0.36049975318863686,0.9310854698099713,0.9310854698099713,1.4056164397720938,0.0,0.0,-0.8722819620571747,-0.9664324848493213,0.8670257823782943,-0.36049975318863686,0.0,0.7944993617872821,-0.7557883906405874,0.0,0.0,-3.469446951953614e-18,0.0,0.0,0.0,0.0,0.0,0.5498975067269439,-0.9310854698099713,-0.7944993617872822,-0.7944993617872822,-0.7944993617872822,0.49936346250449504,-0.9310854698099713,-0.9310854698099713,-0.9310854698099713,-0.9310854698099713,-0.9310854698099713,syn_scan
-0.8692550469368361,-0.5498975067269439,0.7944993617872821,0.24658635162168366,0.0,0.8185768303652898,-0.4789233496743663,0.8185768303652896,-0.36049975318863686,0.9310854698099713,0.9310854698099713,1.4056164397720938,0.0,0.0,-0.8722819620571747,-0.9664324848493213,0.8670257823782943,-0.36049975318863686,0.0,0.7944993617872821,-0.6643785113356093,0.0,0.0,-3.469446951953614e-18,0.0,0.0,0.0,0.0,0.0,0.5498975067269439,-0.9310854698099713,-0.7944993617872822,-0.7944993617872822,-0.7944993617872822,0.49936346250449504,-0.9310854698099713,-0.9310854698099713,-0.9310854698099713,-0.9310854698099713,-0.9310854698099713,syn_scan
0.9959998233475708,-0.5498975067269439,-1.2586542520945894,-1.391128219438658,0.0,-1.221632427042615,-1.0786080540163847,-1.2216324270426153,-1.2533471612858662,-1.0740152568422034,-1.0740152568422034,-0.71143163362698,0.0,0.0,1.1471811032245511,1.1661595443085742,-1.1578672735905835,-1.2533471612858662,0.0,-1.2586542520945894,-0.6339085515672855,0.0,0.0,-3.469446951953614e-18,0.0,0.0,0.0,0.0,0.0,0.5498975067269439,1.0740152568422037,1.2586542520945894,1.2586542520945894,1.2586542520945894,0.49936346250449504,1.0740152568422037,1.0740152568422037,1.0740152568422037,1.0740152568422037,1.0740152568422037,udp_scan
-0.8692550469368361,-0.5498975067269439,0.7944993617872821,1.2292150942578886,0.0,0.8185768303652898,1.5450125274799458,0.8185768303652896,1.2657580258456025,0.9310854698099713,0.9310854698099713,-0.71143163362698,0.0,0.0,-0.8698889245641175,-0.11339567318616328,0.8670257823782943,1.2657580258456025,0.0,0.7944993617872821,1.5455399596393296,0.0,0.0,-3.469446951953614e-18,0.0,0.0,0.0,0.0,0.0,0.5498975067269439,-0.9310854698099713,-0.7944993617872822,-0.7944993617872822,-0.7944993617872822,-2.002549395553741,-0.9310854698099713,-0.9310854698099713,-0.9310854698099713,-0.9310854698099713,-0.9310854698099713,normal
-0.8692550469368361,1.8185207020706828,0.7944993617872821,1.2292150942578886,0.0,0.8185768303652898,1.5450125274799458,0.8185768303652896,1.192342831990431,0.9310854698099713,0.9310854698099713,-0.71143163362698,0.0,0.0,-0.8722819620571747,-0.9664324848493213,-1.1578672735905835,1.192342831990432,0.0,0.7944993617872821,1.7561212371493518,0.0,0.0,-3.469446951953614e-18,0.0,0.0,0.0,0.0,0.0,-1.8185207020706826,-0.9310854698099713,-0.7944993617872822,-0.7944993617872822,-0.7944993617872822,-2.002549395553741,-0.9310854698099713,-0.9310854698099713,-0.9310854698099713,-0.9310854698099713,-0.9310854698099713,normal
-0.8692550469368361,-0.5498975067269439,0.7944993617872821,0.24658635162168366,0.0,0.8185768303652898,-0.4789233496743663,0.8185768303652896,-0.36049975318863686,0.9310854698099713,0.9310854698099713,1.4056164397720938,0.0,0.0,-0.8722819620571747,-0.9664324848493213,0.8670257823782943,-0.36049975318863686,0.0,0.7944993617872821,-0.504411222551901,0.0,0.0,-3.469446951953614e-18,0.0,0.0,0.0,0.0,0.0,0.5498975067269439,-0.9310854698099713,-0.7944993617872822,-0.7944993617872822,-0.7944993617872822,0.49936346250449504,-0.9310854698099713,-0.9310854698099713,-0.9310854698099713,-0.9310854698099713,-0.9310854698099713,syn_scan
-0.8692550469368361,-0.5498975067269439,0.7944993617872821,0.24658635162168366,0.0,0.8185768303652898,-0.4789233496743663,0.8185768303652896,-0.36049975318863686,0.9310854698099713,0.9310854698099713,1.4056164397720938,0.0,0.0,-0.8722819620571747,-0.9664324848493213,0.8670257823782943,-0.36049975318863686,0.0,0.7944993617872821,-0.46632377284149445,0.0,0.0,-3.469446951953614e-18,0.0,0.0,0.0,0.0,0.0,0.5498975067269439,-0.9310854698099713,-0.7944993617872822,-0.7944993617872822,-0.7944993617872822,0.49936346250449504,-0.9310854698099713,-0.9310854698099713,-0.9310854698099713,-0.9310854698099713,-0.9310854698099713,syn_scan
0.9959998233475708,-0.5498975067269439,-1.2586542520945894,-0.8296260807893979,0.0,-1.221632427042615,-0.1790809975033571,-1.2216324270426153,0.2772483954522413,-1.0740152568422034,-1.0740152568422034,-0.71143163362698,0.0,0.0,1.1471811032245511,1.1661595443085742,-1.1578672735905835,0.2772483954522413,0.0,-1.2586542520945894,-0.6339085515672855,0.0,0.0,-3.469446951953614e-18,0.0,0.0,0.0,0.0,0.0,0.5498975067269439,1.0740152568422037,1.2586542520945894,1.2586542520945894,1.2586542520945894,0.49936346250449504,1.0740152568422037,1.0740152568422037,1.0740152568422037,1.0740152568422037,1.0740152568422037,icmp_flood
-0.8692550469368361,-0.5498975067269439,0.7944993617872821,1.2292150942578886,0.0,0.8185768303652898,1.5450125274799458,0.8185768303652896,1.2657580258456025,0.9310854698099713,0.9310854698099713,-0.71143163362698,0.0,0.0,-0.8698889245641175,-0.11339567318616328,0.8670257823782943,1.2657580258456025,0.0,0.7944993617872821,1.2052920755596943,0.0,0.0,-3.469446951953614e-18,0.0,0.0,0.0,0.0,0.0,0.5498975067269439,-0.9310854698099713,-0.7944993617872822,-0.7944993617872822,-0.7944993617872822,-2.002549395553741,-0.9310854698099713,-0.9310854698099713,-0.9310854698099713,-0.9310854698099713,-0.9310854698099713,normal
0.9959998233475708,-0.5498975067269439,-1.2586542520945894,-0.8296260807893979,0.0,-1.221632427042615,-0.1790809975033571,-1.2216324270426153,0.2772483954522413,-1.0740152568422034,-1.0740152568422034,-0.71143163362698,0.0,0.0,1.1471811032245511,1.1661595443085742,-1.1578672735905835,0.2772483954522413,0.0,-1.2586542520945894,-0.6339085515672855,0.0,0.0,-3.469446951953614e-18,0.0,0.0,0.0,0.0,0.0,0.5498975067269439,1.0740152568422037,1.2586542520945894,1.2586542520945894,1.2586542520945894,0.49936346250449504,1.0740152568422037,1.0740152568422037,1.0740152568422037,1.0740152568422037,1.0740152568422037,icmp_flood
0.9959998233475708,-0.5498975067269439,-1.2586542520945894,-0.8296260807893979,0.0,-1.221632427042615,-0.1790809975033571,-1.2216324270426153,0.2772483954522413,-1.0740152568422034,-1.0740152568422034,-0.71143163362698,0.0,0.0,1.1471811032245511,1.1661595443085742,-1.1578672735905835,0.2772483954522413,0.0,-1.2586542520945894,-0.6339085515672855,0.0,0.0,-3.469446951953614e-18,0.0,0.0,0.0,0.0,0.0,0.5498975067269439,1.0740152568422037,1.2586542520945894,1.2586542520945894,1.2586542520945894,0.49936346250449504,1.0740152568422037,1.0740152568422037,1.0740152568422037,1.0740152568422037,1.0740152568422037,icmp_flood
-0.8692550469368361,-0.5498975067269439,0.7944993617872821,0.24658635162168366,0.0,0.8185768303652898,-0.4789233496743663,0.8185768303652896,-0.36049975318863686,0.9310854698099713,0.9310854698099713,1.4056164397720938,0.0,0.0,-0.8722819620571747,-0.9664324848493213,0.8670257823782943,-0.36049975318863686,0.0,0.7944993617872821,-0.21494660475280813,0.0,0.0,-3.469446951953614e-18,0.0,0.0,0.0,0.0,0.0,0.5498975067269439,-0.9310854698099713,-0.7944993617872822,-0.7944993617872822,-0.7944993617872822,0.49936346250449504,-0.9310854698099713,-0.9310854698099713,-0.9310854698099713,-0.9310854698099713,-0.9310854698099713,port_sweep
-0.8692550469368361,-0.5498975067269439,0.7944993617872821,0.24658635162168366,0.0,0.8185768303652898,-0.4789233496743663,0.8185768303652896,-0.36049975318863686,0.9310854698099713,0.9310854698099713,1.4056164397720938,0.0,0.0,-0.8722819620571747,-0.9664324848493213,0.8670257823782943,-0.36049975318863686,0.0,0.7944993617872821,1.7561212371493518,0.0,0.0,-3.469446951953614e-18,0.0,0.0,0.0,0.0,0.0,0.5498975067269439,-0.9310854698099713,-0.7944993617872822,-0.7944993617872822,-0.7944993617872822,0.49936346250449504,-0.9310854698099713,-0.9310854698099713,-0.9310854698099713,-0.9310854698099713,-0.9310854698099713,port_sweep
0.9959998233475708,-0.5498975067269439,-1.2586542520945894,-1.391128219438658,0.0,-1.221632427042615,-1.0786080540163847,-1.2216324270426153,-1.2533471612858662,-1.0740152568422034,-1.0740152568422034,-0.71143163362698,0.0,0.0,1.1471811032245511,1.1661595443085742,-1.1578672735905835,-1.2533471612858662,0.0,-1.2586542520945894,-0.6339085515672855,0.0,0.0,-3.469446951953614e-18,0.0,0.0,0.0,0.0,0.0,0.5498975067269439,1.0740152568422037,1.2586542520945894,1.2586542520945894,1.2586542520945894,0.49936346250449504,1.0740152568422037,1.0740152568422037,1.0740152568422037,1.0740152568422037,1.0740152568422037,udp_scan
0.9959998233475708,-0.5498975067269439,-1.2586542520945894,-1.391128219438658,0.0,-1.221632427042615,-1.0786080540163847,-1.2216324270426153,-1.2533471612858662,-1.0740152568422034,-1.0740152568422034,-0.71143163362698,0.0,0.0,1.1471811032245511,1.1661595443085742,-1.1578672735905835,-1.2533471612858662,0.0,-1.2586542520945894,-0.6339085515672855,0.0,0.0,-3.469446951953614e-18,0.0,0.0,0.0,0.0,0.0,0.5498975067269439,1.0740152568422037,1.2586542520945894,1.2586542520945894,1.2586542520945894,0.49936346250449504,1.0740152568422037,1.0740152568422037,1.0740152568422037,1.0740152568422037,1.0740152568422037,udp_scan
0.9959998233475708,-0.5498975067269439,-1.2586542520945894,-1.391128219438658,0.0,-1.221632427042615,-1.0786080540163847,-1.2216324270426153,-1.2533471612858662,-1.0740152568422034,-1.0740152568422034,-0.71143163362698,0.0,0.0,1.1471811032245511,1.1661595443085742,-1.1578672735905835,-1.2533471612858662,0.0,-1.2586542520945894,-0.6339085515672855,0.0,0.0,-3.469446951953614e-18,0.0,0.0,0.0,0.0,0.0,0.5498975067269439,1.0740152568422037,1.2586542520945894,1.2586542520945894,1.2586542520945894,0.49936346250449504,1.0740152568422037,1.0740152568422037,1.0740152568422037,1.0740152568422037,1.0740152568422037,udp_scan
0.9959998233475708,-0.5498975067269439,0.7944993617872821,1.2292150942578886,0.0,0.8185768303652898,0.9453278231379273,0.8185768303652896,1.2657580258456025,-1.0740152568422034,-1.0740152568422034,-0.71143163362698,0.0,0.0,-0.8722819620571747,-0.9664324848493213,0.8670257823782943,1.2657580258456025,0.0,0.7944993617872821,1.7561212371493518,0.0,0.0,-3.469446951953614e-18,0.0,0.0,0.0,0.0,0.0,0.5498975067269439,1.0740152568422037,-0.7944993617872822,-0.7944993617872822,-0.7944993617872822,0.49936346250449504,1.0740152568422037,1.0740152568422037,1.0740152568422037,1.0740152568422037,1.0740152568422037,normal
-0.8692550469368361,1.8185207020706828,0.7944993617872821,1.2292150942578886,0.0,0.8185768303652898,1.5450125274799458,0.8185768303652896,1.2657580258456025,0.9310854698099713,0.9310854698099713,-0.71143163362698,0.0,0.0,-0.8722819620571747,-0.9229101985399769,0.8670257823782943,1.2657580258456025,0.0,0.7944993617872821,-0.11472900270230112,0.0,0.0,-3.469446951953614e-18,0.0,0.0,0.0,0.0,0.0,-1.8185207020706826,-0.9310854698099713,-0.7944993617872822,-0.7944993617872822,-0.7944993617872822,-2.002549395553741,-0.9310854698099713,-0.9310854698099713,-0.9310854698099713,-0.9310854698099713,-0.9310854698099713,normal
-0.8692550469368361,-0.5498975067269439,0.7944993617872821,0.24658635162168366,0.0,0.8185768303652898,-0.4789233496743663,0.8185768303652896,-0.36049975318863686,0.9310854698099713,0.9310854698099713,1.4056164397720938,0.0,0.0,-0.8722819620571747,-0.9664324848493213,0.8670257823782943,-0.36049975318863686,0.0,0.7944993617872821,1.6665734109412889,0.0,0.0,-3.469446951953614e-18,0.0,0.0,0.0,0.0,0.0,0.5498975067269439,-0.9310854698099713,-0.7944993617872822,-0.7944993617872822,-0.7944993617872822,0.49936346250449504,-0.9310854698099713,-0.9310854698099713,-0.9310854698099713,-0.9310854698099713,-0.9310854698099713,port_sweep
0.9959998233475708,-0.5498975067269439,-1.2586542520945894,-0.31491578702757633,0.0,-1.221632427042615,0.6454854709669182,-1.2216324270426153,1.2657580258456025,-1.0740152568422034,-1.0740152568422034,-0.71143163362698,0.0,0.0,1.1471811032245511,1.1661595443085742,-1.1578672735905835,1.2657580258456025,0.0,-1.2586542520945894,-0.6339085515672855,0.0,0.0,-3.469446951953614e-18,0.0,0.0,0.0,0.0,0.0,0.5498975067269439,1.0740152568422037,1.2586542520945894,1.2586542520945894,1.2586542520945894,0.49936346250449504,1.0740152568422037,1.0740152568422037,1.0740152568422037,1.0740152568422037,1.0740152568422037,icmp_flood
0.9959998233475708,-0.5498975067269439,-1.2586542520945894,-1.391128219438658,0.0,-1.221632427042615,-1.0786080540163847,-1.2216324270426153,-1.2533471612858662,-1.0740152568422034,-1.0740152568422034,-0.71143163362698,0.0,0.0,1.1471811032245511,1.1661595443085742,-1.1578672735905835,-1.2533471612858662,0.0,-1.2586542520945894,-0.6339085515672855,0.0,0.0,-3.469446951953614e-18,0.0,0.0,0.0,0.0,0.0,0.5498975067269439,1.0740152568422037,1.2586542520945894,1.2586542520945894,1.2586542520945894,0.49936346250449504,1.0740152568422037,1.0740152568422037,1.0740152568422037,1.0740152568422037,1.0740152568422037,udp_scan
0.9959998233475708,-0.5498975067269439,-1.2586542520945894,-1.391128219438658,0.0,-1.221632427042615,-1.0786080540163847,-1.2216324270426153,-1.2533471612858662,-1.0740152568422034,-1.0740152568422034,-0.71143163362698,0.0,0.0,1.1471811032245511,1.1661595443085742,-1.1578672735905835,-1.2533471612858662,0.0,-1.2586542520945894,-0.6339085515672855,0.0,0.0,-3.469446951953614e-18,0.0,0.0,0.0,0.0,0.0,0.5498975067269439,1.0740152568422037,1.2586542520945894,1.2586542520945894,1.2586542520945894,0.49936346250449504,1.0740152568422037,1.0740152568422037,1.0740152568422037,1.0740152568422037,1.0740152568422037,udp_scan
0.9959998233475708,-0.5498975067269439,-1.2586542520945894,-1.391128219438658,0.0,-1.221632427042615,-1.0786080540163847,-1.2216324270426153,-1.2533471612858662,-1.0740152568422034,-1.0740152568422034,-0.71143163362698,0.0,0.0,1.1471811032245511,1.1661595443085742,-1.1578672735905835,-1.2533471612858662,0.0,-1.2586542520945894,-0.6339085515672855,0.0,0.0,-3.469446951953614e-18,0.0,0.0,0.0,0.0,0.0,0.5498975067269439,1.0740152568422037,1.2586542520945894,1.2586542520945894,1.2586542520945894,0.49936346250449504,1.0740152568422037,1.0740152568422037,1.0740152568422037,1.0740152568422037,1.0740152568422037,udp_scan
0.9959998233475708,-0.5498975067269439,-1.2586542520945894,-1.391128219438658,0.0,-1.221632427042615,-1.0786080540163847,-1.2216324270426153,-1.2533471612858662,-1.0740152568422034,-1.0740152568422034,-0.71143163362698,0.0,0.0,1.1471811032245511,1.1661595443085742,-1.1578672735905835,-1.2533471612858662,0.0,-1.2586542520945894,-0.6339085515672855,0.0,0.0,-3.469446951953614e-18,0.0,0.0,0.0,0.0,0.0,0.5498975067269439,1.0740152568422037,1.2586542520945894,1.2586542520945894,1.2586542520945894,0.49936346250449504,1.0740152568422037,1.0740152568422037,1.0740152568422037,1.0740152568422037,1.0740152568422037,udp_scan
0.9959998233475708,-0.5498975067269439,-1.2586542520945894,-0.8296260807893979,0.0,-1.221632427042615,-0.1790809975033571,-1.2216324270426153,0.2772483954522413,-1.0740152568422034,-1.0740152568422034,-0.71143163362698,0.0,0.0,1.1471811032245511,1.1661595443085742,-1.1578672735905835,0.2772483954522413,0.0,-1.2586542520945894,-0.6339085515672855,0.0,0.0,-3.469446951953614e-18,0.0,0.0,0.0,0.0,0.0,0.5498975067269439,1.0740152568422037,1.2586542520945894,1.2586542520945894,1.2586542520945894,0.49936346250449504,1.0740152568422037,1.0740152568422037,1.0740152568422037,1.0740152568422037,1.0740152568422037,icmp_flood
0.9959998233475708,-0.5498975067269439,0.7944993617872821,1.2292150942578886,0.0,0.8185768303652898,1.0202884111806796,0.8185768303652896,1.2657580258456025,-1.0740152568422034,-1.0740152568422034,-0.71143163362698,0.0,0.0,-0.8722819620571747,-0.9664324848493213,0.8670257823782943,1.2657580258456025,0.0,0.7944993617872821,1.7561212371493518,0.0,0.0,-3.469446951953614e-18,0.0,0.0,0.0,0.0,0.0,0.5498975067269439,1.0740152568422037,-0.7944993617872822,-0.7944993617872822,-0.7944993617872822,0.49936346250449504,1.0740152568422037,1.0740152568422037,1.0740152568422037,1.0740152568422037,1.0740152568422037,normal
-0.8692550469368361,-0.5498975067269439,0.7944993617872821,0.24658635162168366,0.0,0.8185768303652898,-0.4789233496743663,0.8185768303652896,-0.36049975318863686,0.9310854698099713,0.9310854698099713,1.4056164397720938,0.0,0.0,-0.8722819620571747,-0.9664324848493213,0.8670257823782943,-0.36049975318863686,0.0,0.7944993617872821,-0.504411222551901,0.0,0.0,-3.469446951953614e-18,0.0,0.0,0.0,0.0,0.0,0.5498975067269439,-0.9310854698099713,-0.7944993617872822,-0.7944993617872822,-0.7944993617872822,0.49936346250449504,-0.9310854698099713,-0.9310854698099713,-0.9310854698099713,-0.9310854698099713,-0.9310854698099713,syn_scan
0.9959998233475708,-0.5498975067269439,0.7944993617872821,1.2292150942578886,0.0,0.8185768303652898,0.9453278231379273,0.8185768303652896,1.2657580258456025,-1.0740152568422034,-1.0740152568422034,-0.71143163362698,0.0,0.0,-0.8722819620571747,-0.9664324848493213,0.8670257823782943,1.2657580258456025,0.0,0.7944993617872821,1.7561212371493518,0.0,0.0,-3.469446951953614e-18,0.0,0.0,0.0,0.0,0.0,0.5498975067269439,1.0740152568422037,-0.7944993617872822,-0.7944993617872822,-0.7944993617872822,0.49936346250449504,1.0740152568422037,1.0740152568422037,1.0740152568422037,1.0740152568422037,1.0740152568422037,normal
-0.8692550469368361,1.8185207020706828,0.7944993617872821,1.2292150942578886,0.0,0.8185768303652898,1.5450125274799458,0.8185768303652896,1.2657580258456025,0.9310854698099713,0.9310854698099713,-0.71143163362698,0.0,0.0,-0.8698889245641175,-0.11339567318616328,0.8670257823782943,1.2657580258456025,0.0,0.7944993617872821,1.2975483426360146,0.0,0.0,-3.469446951953614e-18,0.0,0.0,0.0,0.0,0.0,-1.8185207020706826,-0.9310854698099713,-0.7944993617872822,-0.7944993617872822,-0.7944993617872822,-2.002549395553741,-0.9310854698099713,-0.9310854698099713,-0.9310854698099713,-0.9310854698099713,-0.9310854698099713,normal
0.9959998233475708,-0.5498975067269439,-1.2586542520945894,-1.391128219438658,0.0,-1.221632427042615,-1.0786080540163847,-1.2216324270426153,-1.2533471612858662,-1.0740152568422034,-1.0740152568422034,-0.71143163362698,0.0,0.0,1.1471811032245511,1.1661595443085742,-1.1578672735905835,-1.2533471612858662,0.0,-1.2586542520945894,-0.6339085515672855,0.0,0.0,-3.469446951953614e-18,0.0,0.0,0.0,0.0,0.0,0.5498975067269439,1.0740152568422037,1.2586542520945894,1.2586542520945894,1.2586542520945894,0.49936346250449504,1.0740152568422037,1.0740152568422037,1.0740152568422037,1.0740152568422037,1.0740152568422037,udp_scan
-0.8692550469368361,1.8185207020706828,0.7944993617872821,1.2292150942578886,0.0,0.8185768303652898,1.5450125274799458,0.8185768303652896,1.2657580258456025,0.9310854698099713,0.9310854698099713,-0.71143163362698,0.0,0.0,-0.8722819620571747,-0.8023869441448679,0.8670257823782943,1.2657580258456025,0.0,0.7944993617872821,0.5442632261413007,0.0,0.0,-3.469446951953614e-18,0.0,0.0,0.0,0.0,0.0,-1.8185207020706826,-0.9310854698099713,-0.7944993617872822,-0.7944993617872822,-0.7944993617872822,-2.002549395553741,-0.9310854698099713,-0.9310854698099713,-0.9310854698099713,-0.9310854698099713,-0.9310854698099713,normal
-0.8692550469368361,-0.5498975067269439,0.7944993617872821,0.24658635162168366,0.0,0.8185768303652898,-0.4789233496743663,0.8185768303652896,-0.36049975318863686,0.9310854698099713,0.9310854698099713,1.4056164397720938,0.0,0.0,-0.8722819620571747,-0.9664324848493213,0.8670257823782943,-0.36049975318863686,0.0,0.7944993617872821,-0.7938758403509938,0.0,0.0,-3.469446951953614e-18,0.0,0.0,0.0,0.0,0.0,0.5498975067269439,-0.9310854698099713,-0.7944993617872822,-0.7944993617872822,-0.7944993617872822,0.49936346250449504,-0.9310854698099713,-0.9310854698099713,-0.9310854698099713,-0.9310854698099713,-0.9310854698099713,syn_scan
-0.8692550469368361,1.8185207020706828,0.7944993617872821,1.2292150942578886,0.0,0.8185768303652898,1.5450125274799458,0.8185768303652896,1.2657580258456025,0.9310854698099713,0.9310854698099713,-0.71143163362698,0.0,0.0,-0.8722819620571747,-0.11339567318616328,0.8670257823782943,1.2657580258456025,0.0,0.7944993617872821,1.7561212371493518,0.0,0.0,-3.469446951953614e-18,0.0,0.0,0.0,0.0,0.0,-1.8185207020706826,-0.9310854698099713,-0.7944993617872822,-0.7944993617872822,-0.7944993617872822,-2.002549395553741,-0.9310854698099713,-0.9310854698099713,-0.9310854698099713,-0.9310854698099713,-0.9310854698099713,normal
0.9959998233475708,-0.5498975067269439,-1.2586542520945894,-1.391128219438658,0.0,-1.221632427042615,-1.0786080540163847,-1.2216324270426153,-1.2533471612858662,-1.0740152568422034,-1.0740152568422034,-0.71143163362698,0.0,0.0,1.1471811032245511,1.1661595443085742,-1.1578672735905835,-1.2533471612858662,0.0,-1.2586542520945894,-0.6339085515672855,0.0,0.0,-3.469446951953614e-18,0.0,0.0,0.0,0.0,0.0,0.5498975067269439,1.0740152568422037,1.2586542520945894,1.2586542520945894,1.2586542520945894,0.49936346250449504,1.0740152568422037,1.0740152568422037,1.0740152568422037,1.0740152568422037,1.0740152568422037,udp_scan
0.9959998233475708,-0.5498975067269439,-1.2586542520945894,-1.391128219438658,0.0,-1.221632427042615,-1.0786080540163847,-1.2216324270426153,-1.2533471612858662,-1.0740152568422034,-1.0740152568422034,-0.71143163362698,0.0,0.0,1.1471811032245511,1.1661595443085742,-1.1578672735905835,-1.2533471612858662,0.0,-1.2586542520945894,-0.6339085515672855,0.0,0.0,-3.469446951953614e-18,0.0,0.0,0.0,0.0,0.0,0.5498975067269439,1.0740152568422037,1.2586542520945894,1.2586542520945894,1.2586542520945894,0.49936346250449504,1.0740152568422037,1.0740152568422037,1.0740152568422037,1.0740152568422037,1.0740152568422037,udp_scan
-0.8692550469368361,1.8185207020706828,0.7944993617872821,1.2292150942578886,0.0,0.8185768303652898,1.5450125274799458,0.8185768303652896,1.2657580258456025,0.9310854698099713,0.9310854698099713,-0.71143163362698,0.0,0.0,-0.8722819620571747,-0.11339567318616328,0.8670257823782943,1.2657580258456025,0.0,0.7944993617872821,1.7561212371493518,0.0,0.0,-3.469446951953614e-18,0.0,0.0,0.0,0.0,0.0,-1.8185207020706826,-0.9310854698099713,-0.7944993617872822,-0.7944993617872822,-0.7944993617872822,-2.002549395553741,-0.9310854698099713,-0.9310854698099713,-0.9310854698099713,-0.9310854698099713,-0.9310854698099713,normal
-0.8692550469368361,-0.5498975067269439,0.7944993617872821,0.24658635162168366,0.0,0.8185768303652898,-0.4789233496743663,0.8185768303652896,-0.36049975318863686,0.9310854698099713,0.9310854698099713,1.4056164397720938,0.0,0.0,-0.8722819620571747,-0.9664324848493213,0.8670257823782943,-0.36049975318863686,0.0,0.7944993617872821,-0.8243458001193178,0.0,0.0,-3.469446951953614e-18,0.0,0.0,0.0,0.0,0.0,0.5498975067269439,-0.9310854698099713,-0.7944993617872822,-0.7944993617872822,-0.7944993617872822,0.49936346250449504,-0.9310854698099713,-0.9310854698099713,-0.9310854698099713,-0.9310854698099713,-0.9310854698099713,syn_scan
-0.8692550469368361,-0.5498975067269439,0.7944993617872821,0.24658635162168366,0.0,0.8185768303652898,-0.4789233496743663,0.8185768303652896,-0.36049975318863686,0.9310854698099713,0.9310854698099713,1.4056164397720938,0.0,0.0,-0.8722819620571747,-0.9664324848493213,0.8670257823782943,-0.36049975318863686,0.0,0.7944993617872821,-0.47394126278357707,0.0,0.0,-3.469446951953614e-18,0.0,0.0,0.0,0.0,0.0,0.5498975067269439,-0.9310854698099713,-0.7944993617872822,-0.7944993617872822,-0.7944993617872822,0.49936346250449504,-0.9310854698099713,-0.9310854698099713,-0.9310854698099713,-0.9310854698099713,-0.9310854698099713,syn_scan
-0.8692550469368361,-0.5498975067269439,0.7944993617872821,0.24658635162168366,0.0,0.8185768303652898,-0.4789233496743663,0.8185768303652896,-0.36049975318863686,0.9310854698099713,0.9310854698099713,1.4056164397720938,0.0,0.0,-0.8722819620571747,-0.9664324848493213,0.8670257823782943,-0.36049975318863686,0.0,0.7944993617872821,-0.46632377284149445,0.0,0.0,-3.469446951953614e-18,0.0,0.0,0.0,0.0,0.0,0.5498975067269439,-0.9310854698099713,-0.7944993617872822,-0.7944993617872822,-0.7944993617872822,0.49936346250449504,-0.9310854698099713,-0.9310854698099713,-0.9310854698099713,-0.9310854698099713,-0.9310854698099713,syn_scan
-0.8692550469368361,1.8185207020706828,0.7944993617872821,1.2292150942578886,0.0,0.8185768303652898,1.5450125274799458,0.8185768303652896,1.2657580258456025,0.9310854698099713,0.9310854698099713,-0.71143163362698,0.0,0.0,-0.8722819620571747,-0.11339567318616328,0.8670257823782943,1.2657580258456025,0.0,0.7944993617872821,1.7561212371493518,0.0,0.0,-3.469446951953614e-18,0.0,0.0,0.0,0.0,0.0,-1.8185207020706826,-0.9310854698099713,-0.7944993617872822,-0.7944993617872822,-0.7944993617872822,-2.002549395553741,-0.9310854698099713,-0.9310854698099713,-0.9310854698099713,-0.9310854698099713,-0.9310854698099713,normal
-0.8692550469368361,-0.5498975067269439,0.7944993617872821,0.24658635162168366,0.0,0.8185768303652898,-0.4789233496743663,0.8185768303652896,-0.36049975318863686,0.9310854698099713,0.9310854698099713,1.4056164397720938,0.0,0.0,-0.8722819620571747,-0.9664324848493213,0.8670257823782943,-0.36049975318863686,0.0,0.7944993617872821,-0.6262910616252029,0.0,0.0,-3.469446951953614e-18,0.0,0.0,0.0,0.0,0.0,0.5498975067269439,-0.9310854698099713,-0.7944993617872822,-0.7944993617872822,-0.7944993617872822,0.49936346250449504,-0.9310854698099713,-0.9310854698099713,-0.9310854698099713,-0.9310854698099713,-0.9310854698099713,syn_scan
0.9959998233475708,-0.5498975067269439,-1.2586542520945894,-1.391128219438658,0.0,-1.221632427042615,-1.0786080540163847,-1.2216324270426153,-1.2533471612858662,-1.0740152568422034,-1.0740152568422034,-0.71143163362698,0.0,0.0,1.1471811032245511,1.1661595443085742,-1.1578672735905835,-1.2533471612858662,0.0,-1.2586542520945894,-0.6339085515672855,0.0,0.0,-3.469446951953614e-18,0.0,0.0,0.0,0.0,0.0,0.5498975067269439,1.0740152568422037,1.2586542520945894,1.2586542520945894,1.2586542520945894,0.49936346250449504,1.0740152568422037,1.0740152568422037,1.0740152568422037,1.0740152568422037,1.0740152568422037,udp_scan
0.9959998233475708,-0.5498975067269439,-1.2586542520945894,-1.391128219438658,0.0,-1.221632427042615,-1.0786080540163847,-1.2216324270426153,-1.2533471612858662,-1.0740152568422034,-1.0740152568422034,-0.71143163362698,0.0,0.0,1.1471811032245511,1.1661595443085742,-1.1578672735905835,-1.2533471612858662,0.0,-1.2586542520945894,-0.6339085515672855,0.0,0.0,-3.469446951953614e-18,0.0,0.0,0.0,0.0,0.0,0.5498975067269439,1.0740152568422037,1.2586542520945894,1.2586542520945894,1.2586542520945894,0.49936346250449504,1.0740152568422037,1.0740152568422037,1.0740152568422037,1.0740152568422037,1.0740152568422037,udp_scan
0.9959998233475708,-0.5498975067269439,-1.2586542520945894,-1.391128219438658,0.0,-1.221632427042615,-1.0786080540163847,-1.2216324270426153,-1.2533471612858662,-1.0740152568422034,-1.0740152568422034,-0.71143163362698,0.0,0.0,1.1471811032245511,1.1661595443085742,-1.1578672735905835,-1.2533471612858662,0.0,-1.2586542520945894,-0.6339085515672855,0.0,0.0,-3.469446951953614e-18,0.0,0.0,0.0,0.0,0.0,0.5498975067269439,1.0740152568422037,1.2586542520945894,1.2586542520945894,1.2586542520945894,0.49936346250449504,1.0740152568422037,1.0740152568422037,1.0740152568422037,1.0740152568422037,1.0740152568422037,udp_scan
-0.8692550469368361,1.8185207020706828,0.7944993617872821,1.2292150942578886,0.0,0.8185768303652898,1.5450125274799458,0.8185768303652896,1.2657580258456025,0.9310854698099713,0.9310854698099713,-0.71143163362698,0.0,0.0,-0.8722819620571747,-0.9664324848493213,0.8670257823782943,1.2657580258456025,0.0,0.7944993617872821,0.6425178065536532,0.0,0.0,-3.469446951953614e-18,0.0,0.0,0.0,0.0,0.0,-1.8185207020706826,-0.9310854698099713,-0.7944993617872822,-0.7944993617872822,-0.7944993617872822,-2.002549395553741,-0.9310854698099713,-0.9310854698099713,-0.9310854698099713,-0.9310854698099713,-0.9310854698099713,normal
-0.8692550469368361,-0.5498975067269439,0.7944993617872821,0.24658635162168366,0.0,0.8185768303652898,-0.4789233496743663,0.8185768303652896,-0.36049975318863686,0.9310854698099713,0.9310854698099713,1.4056164397720938,0.0,0.0,-0.8722819620571747,-0.9664324848493213,0.8670257823782943,-0.36049975318863686,0.0,0.7944993617872821,-0.534881182320228,0.0,0.0,-3.469446951953614e-18,0.0,0.0,0.0,0.0,0.0,0.5498975067269439,-0.9310854698099713,-0.7944993617872822,-0.7944993617872822,-0.7944993617872822,0.49936346250449504,-0.9310854698099713,-0.9310854698099713,-0.9310854698099713,-0.9310854698099713,-0.9310854698099713,syn_scan
0.9959998233475708,-0.5498975067269439,-1.2586542520945894,-1.391128219438658,0.0,-1.221632427042615,-1.0786080540163847,-1.2216324270426153,-1.2533471612858662,-1.0740152568422034,-1.0740152568422034,-0.71143163362698,0.0,0.0,1.1471811032245511,1.1661595443085742,-1.1578672735905835,-1.2533471612858662,0.0,-1.2586542520945894,-0.6339085515672855,0.0,0.0,-3.469446951953614e-18,0.0,0.0,0.0,0.0,0.0,0.5498975067269439,1.0740152568422037,1.2586542520945894,1.2586542520945894,1.2586542520945894,0.49936346250449504,1.0740152568422037,1.0740152568422037,1.0740152568422037,1.0740152568422037,1.0740152568422037,udp_scan
0.9959998233475708,-0.5498975067269439,-1.2586542520945894,-1.391128219438658,0.0,-1.221632427042615,-1.0786080540163847,-1.2216324270426153,-1.2533471612858662,-1.0740152568422034,-1.0740152568422034,-0.71143163362698,0.0,0.0,1.1471811032245511,1.1661595443085742,-1.1578672735905835,-1.2533471612858662,0.0,-1.2586542520945894,-0.6339085515672855,0.0,0.0,-3.469446951953614e-18,0.0,0.0,0.0,0.0,0.0,0.5498975067269439,1.0740152568422037,1.2586542520945894,1.2586542520945894,1.2586542520945894,0.49936346250449504,1.0740152568422037,1.0740152568422037,1.0740152568422037,1.0740152568422037,1.0740152568422037,udp_scan
-0.8692550469368361,1.8185207020706828,0.7944993617872821,1.2292150942578886,0.0,0.8185768303652898,1.5450125274799458,0.8185768303652896,1.2657580258456025,0.9310854698099713,0.9310854698099713,-0.71143163362698,0.0,0.0,-0.8722819620571747,-0.9664324848493213,0.8670257823782943,1.2657580258456025,0.0,0.7944993617872821,0.041737129362943326,0.0,0.0,-3.469446951953614e-18,0.0,0.0,0.0,0.0,0.0,-1.8185207020706826,-0.9310854698099713,-0.7944993617872822,-0.7944993617872822,-0.7944993617872822,-2.002549395553741,-0.9310854698099713,-0.9310854698099713,-0.9310854698099713,-0.9310854698099713,-0.9310854698099713,normal
-0.8692550469368361,-0.5498975067269439,0.7944993617872821,0.24658635162168366,0.0,0.8185768303652898,-0.4789233496743663,0.8185768303652896,-0.36049975318863686,0.9310854698099713,0.9310854698099713,1.4056164397720938,0.0,0.0,-0.8722819620571747,-0.9664324848493213,0.8670257823782943,-0.36049975318863686,0.0,0.7944993617872821,-0.6948484711039364,0.0,0.0,-3.469446951953614e-18,0.0,0.0,0.0,0.0,0.0,0.5498975067269439,-0.9310854698099713,-0.7944993617872822,-0.7944993617872822,-0.7944993617872822,0.49936346250449504,-0.9310854698099713,-0.9310854698099713,-0.9310854698099713,-0.9310854698099713,-0.9310854698099713,syn_scan
-0.8692550469368361,-0.5498975067269439,0.7944993617872821,0.24658635162168366,0.0,0.8185768303652898,-0.4789233496743663,0.8185768303652896,-0.36049975318863686,0.9310854698099713,0.9310854698099713,1.4056164397720938,0.0,0.0,-0.8722819620571747,-0.9664324848493213,0.8670257823782943,-0.36049975318863686,0.0,0.7944993617872821,-0.504411222551901,0.0,0.0,-3.469446951953614e-18,0.0,0.0,0.0,0.0,0.0,0.5498975067269439,-0.9310854698099713,-0.7944993617872822,-0.7944993617872822,-0.7944993617872822,0.49936346250449504,-0.9310854698099713,-0.9310854698099713,-0.9310854698099713,-0.9310854698099713,-0.9310854698099713,syn_scan
-0.8692550469368361,1.8185207020706828,0.7944993617872821,1.2292150942578886,0.0,0.8185768303652898,1.5450125274799458,0.8185768303652896,1.2657580258456025,0.9310854698099713,0.9310854698099713,-0.71143163362698,0.0,0.0,-0.8722819620571747,-0.9664324848493213,0.8670257823782943,1.2657580258456025,0.0,0.7944993617872821,0.49640976368463646,0.0,0.0,-3.469446951953614e-18,0.0,0.0,0.0,0.0,0.0,-1.8185207020706826,-0.9310854698099713,-0.7944993617872822,-0.7944993617872822,-0.7944993617872822,-2.002549395553741,-0.9310854698099713,-0.9310854698099713,-0.9310854698099713,-0.9310854698099713,-0.9310854698099713,normal
-0.8692550469368361,1.8185207020706828,0.7944993617872821,1.2292150942578886,0.0,0.8185768303652898,1.5450125274799458,0.8185768303652896,1.2657580258456025,0.9310854698099713,0.9310854698099713,-0.71143163362698,0.0,0.0,-0.8722819620571747,-0.8023869441448679,0.8670257823782943,1.2657580258456025,0.0,0.7944993617872821,0.6280556155041963,0.0,0.0,-3.469446951953614e-18,0.0,0.0,0.0,0.0,0.0,-1.8185207020706826,-0.9310854698099713,-0.7944993617872822,-0.7944993617872822,-0.7944993617872822,-2.002549395553741,-0.9310854698099713,-0.9310854698099713,-0.9310854698099713,-0.9310854698099713,-0.9310854698099713,normal
-0.8692550469368361,-0.5498975067269439,0.7944993617872821,0.24658635162168366,0.0,0.8185768303652898,-0.4789233496743663,0.8185768303652896,-0.36049975318863686,0.9310854698099713,0.9310854698099713,1.4056164397720938,0.0,0.0,-0.8722819620571747,-0.9664324848493213,0.8670257823782943,-0.36049975318863686,0.0,0.7944993617872821,-0.8167283101772383,0.0,0.0,-3.469446951953614e-18,0.0,0.0,0.0,0.0,0.0,0.5498975067269439,-0.9310854698099713,-0.7944993617872822,-0.7944993617872822,-0.7944993617872822,0.49936346250449504,-0.9310854698099713,-0.9310854698099713,-0.9310854698099713,-0.9310854698099713,-0.9310854698099713,syn_scan
-0.8692550469368361,-0.5498975067269439,0.7944993617872821,0.24658635162168366,0.0,0.8185768303652898,-0.4789233496743663,0.8185768303652896,-0.36049975318863686,0.9310854698099713,0.9310854698099713,1.4056164397720938,0.0,0.0,-0.8722819620571747,-0.9664324848493213,0.8670257823782943,-0.36049975318863686,0.0,0.7944993617872821,-0.7557883906405874,0.0,0.0,-3.469446951953614e-18,0.0,0.0,0.0,0.0,0.0,0.5498975067269439,-0.9310854698099713,-0.7944993617872822,-0.7944993617872822,-0.7944993617872822,0.49936346250449504,-0.9310854698099713,-0.9310854698099713,-0.9310854698099713,-0.9310854698099713,-0.9310854698099713,syn_scan
0.9959998233475708,-0.5498975067269439,-1.2586542520945894,-1.391128219438658,0.0,-1.221632427042615,-1.0786080540163847,-1.2216324270426153,-1.2533471612858662,-1.0740152568422034,-1.0740152568422034,-0.71143163362698,0.0,0.0,1.1471811032245511,1.1661595443085742,-1.1578672735905835,-1.2533471612858662,0.0,-1.2586542520945894,-0.6339085515672855,0.0,0.0,-3.469446951953614e-18,0.0,0.0,0.0,0.0,0.0,0.5498975067269439,1.0740152568422037,1.2586542520945894,1.2586542520945894,1.2586542520945894,0.49936346250449504,1.0740152568422037,1.0740152568422037,1.0740152568422037,1.0740152568422037,1.0740152568422037,udp_scan
0.9959998233475708,-0.5498975067269439,-1.2586542520945894,-1.391128219438658,0.0,-1.221632427042615,-1.0786080540163847,-1.2216324270426153,-1.2533471612858662,-1.0740152568422034,-1.0740152568422034,-0.71143163362698,0.0,0.0,1.1471811032245511,1.1661595443085742,-1.1578672735905835,-1.2533471612858662,0.0,-1.2586542520945894,-0.6339085515672855,0.0,0.0,-3.469446951953614e-18,0.0,0.0,0.0,0.0,0.0,0.5498975067269439,1.0740152568422037,1.2586542520945894,1.2586542520945894,1.2586542520945894,0.49936346250449504,1.0740152568422037,1.0740152568422037,1.0740152568422037,1.0740152568422037,1.0740152568422037,udp_scan
-0.8692550469368361,1.8185207020706828,0.7944993617872821,1.2292150942578886,0.0,0.8185768303652898,1.5450125274799458,0.8185768303652896,1.2657580258456025,0.9310854698099713,0.9310854698099713,-0.71143163362698,0.0,0.0,-0.8722819620571747,-0.25556847513002295,-0.48290292160095766,1.2657580258456025,0.0,0.7944993617872821,1.7561212371493518,0.0,0.0,-3.469446951953614e-18,0.0,0.0,0.0,0.0,0.0,-1.8185207020706826,-0.9310854698099713,-0.7944993617872822,-0.7944993617872822,-0.7944993617872822,-2.002549395553741,-0.9310854698099713,-0.9310854698099713,-0.9310854698099713,-0.9310854698099713,-0.9310854698099713,normal
-0.8692550469368361,-0.5498975067269439,0.7944993617872821,0.24658635162168366,0.0,0.8185768303652898,-0.4789233496743663,0.8185768303652896,-0.36049975318863686,0.9310854698099713,0.9310854698099713,1.4056164397720938,0.0,0.0,-0.8722819620571747,-0.9664324848493213,0.8670257823782943,-0.36049975318863686,0.0,0.7944993617872821,-0.6643785113356093,0.0,0.0,-3.469446951953614e-18,0.0,0.0,0.0,0.0,0.0,0.5498975067269439,-0.9310854698099713,-0.7944993617872822,-0.7944993617872822,-0.7944993617872822,0.49936346250449504,-0.9310854698099713,-0.9310854698099713,-0.9310854698099713,-0.9310854698099713,-0.9310854698099713,syn_scan
-0.8692550469368361,1.8185207020706828,0.7944993617872821,1.2292150942578886,0.0,0.8185768303652898,1.5450125274799458,0.8185768303652896,1.2657580258456025,0.9310854698099713,0.9310854698099713,-0.71143163362698,0.0,0.0,-0.8698889245641175,-0.11339567318616328,0.8670257823782943,1.2657580258456025,0.0,0.7944993617872821,1.7561212371493518,0.0,0.0,-3.469446951953614e-18,0.0,0.0,0.0,0.0,0.0,-1.8185207020706826,-0.9310854698099713,-0.7944993617872822,-0.7944993617872822,-0.7944993617872822,-2.002549395553741,-0.9310854698099713,-0.9310854698099713,-0.9310854698099713,-0.9310854698099713,-0.9310854698099713,normal
-0.8692550469368361,1.8185207020706828,0.7944993617872821,1.2292150942578886,0.0,0.8185768303652898,1.5450125274799458,0.8185768303652896,1.2657580258456025,0.9310854698099713,0.9310854698099713,-0.71143163362698,0.0,0.0,-0.8722819620571747,-0.9664324848493213,0.8670257823782943,1.2657580258456025,0.0,0.7944993617872821,1.3283568575128757,0.0,0.0,-3.469446951953614e-18,0.0,0.0,0.0,0.0,0.0,-1.8185207020706826,-0.9310854698099713,-0.7944993617872822,-0.7944993617872822,-0.7944993617872822,-2.002549395553741,-0.9310854698099713,-0.9310854698099713,-0.9310854698099713,-0.9310854698099713,-0.9310854698099713,normal
0.9959998233475708,-0.5498975067269439,-1.2586542520945894,-1.391128219438658,0.0,-1.221632427042615,-1.0786080540163847,-1.2216324270426153,-1.2533471612858662,-1.0740152568422034,-1.0740152568422034,-0.71143163362698,0.0,0.0,1.1471811032245511,1.1661595443085742,-1.1578672735905835,-1.2533471612858662,0.0,-1.2586542520945894,-0.6339085515672855,0.0,0.0,-3.469446951953614e-18,0.0,0.0,0.0,0.0,0.0,0.5498975067269439,1.0740152568422037,1.2586542520945894,1.2586542520945894,1.2586542520945894,0.49936346250449504,1.0740152568422037,1.0740152568422037,1.0740152568422037,1.0740152568422037,1.0740152568422037,udp_scan
0.9959998233475708,-0.5498975067269439,-1.2586542520945894,-0.8296260807893979,0.0,-1.221632427042615,-0.1790809975033571,-1.2216324270426153,0.2772483954522413,-1.0740152568422034,-1.0740152568422034,-0.71143163362698,0.0,0.0,1.1471811032245511,1.1661595443085742,-1.1578672735905835,0.2772483954522413,0.0,-1.2586542520945894,-0.6339085515672855,0.0,0.0,-3.469446951953614e-18,0.0,0.0,0.0,0.0,0.0,0.5498975067269439,1.0740152568422037,1.2586542520945894,1.2586542520945894,1.2586542520945894,0.49936346250449504,1.0740152568422037,1.0740152568422037,1.0740152568422037,1.0740152568422037,1.0740152568422037,icmp_flood
-0.8692550469368361,-0.5498975067269439,0.7944993617872821,0.24658635162168366,0.0,0.8185768303652898,-0.4789233496743663,0.8185768303652896,-0.36049975318863686,0.9310854698099713,0.9310854698099713,1.4056164397720938,0.0,0.0,-0.8722819620571747,-0.9664324848493213,0.8670257823782943,-0.36049975318863686,0.0,0.7944993617872821,1.7561212371493518,0.0,0.0,-3.469446951953614e-18,0.0,0.0,0.0,0.0,0.0,0.5498975067269439,-0.9310854698099713,-0.7944993617872822,-0.7944993617872822,-0.7944993617872822,0.49936346250449504,-0.9310854698099713,-0.9310854698099713,-0.9310854698099713,-0.9310854698099713,-0.9310854698099713,port_sweep
0.9959998233475708,-0.5498975067269439,-1.2586542520945894,-1.391128219438658,0.0,-1.221632427042615,-1.0786080540163847,-1.2216324270426153,-1.2533471612858662,-1.0740152568422034,-1.0740152568422034,-0.71143163362698,0.0,0.0,1.1471811032245511,1.1661595443085742,-1.1578672735905835,-1.2533471612858662,0.0,-1.2586542520945894,-0.6339085515672855,0.0,0.0,-3.469446951953614e-18,0.0,0.0,0.0,0.0,0.0,0.5498975067269439,1.0740152568422037,1.2586542520945894,1.2586542520945894,1.2586542520945894,0.49936346250449504,1.0740152568422037,1.0740152568422037,1.0740152568422037,1.0740152568422037,1.0740152568422037,udp_scan
0.9959998233475708,-0.5498975067269439,-1.2586542520945894,-0.8296260807893979,0.0,-1.221632427042615,-0.1790809975033571,-1.2216324270426153,0.2772483954522413,-1.0740152568422034,-1.0740152568422034,-0.71143163362698,0.0,0.0,1.1471811032245511,1.1661595443085742,-1.1578672735905835,0.2772483954522413,0.0,-1.2586542520945894,-0.6339085515672855,0.0,0.0,-3.469446951953614e-18,0.0,0.0,0.0,0.0,0.0,0.5498975067269439,1.0740152568422037,1.2586542520945894,1.2586542520945894,1.2586542520945894,0.49936346250449504,1.0740152568422037,1.0740152568422037,1.0740152568422037,1.0740152568422037,1.0740152568422037,icmp_flood
-0.8692550469368361,-0.5498975067269439,0.7944993617872821,0.24658635162168366,0.0,0.8185768303652898,-0.4789233496743663,0.8185768303652896,-0.36049975318863686,0.9310854698099713,0.9310854698099713,1.4056164397720938,0.0,0.0,-0.8722819620571747,-0.9664324848493213,0.8670257823782943,-0.36049975318863686,0.0,0.7944993617872821,-0.6262910616252029,0.0,0.0,-3.469446951953614e-18,0.0,0.0,0.0,0.0,0.0,0.5498975067269439,-0.9310854698099713,-0.7944993617872822,-0.7944993617872822,-0.7944993617872822,0.49936346250449504,-0.9310854698099713,-0.9310854698099713,-0.9310854698099713,-0.9310854698099713,-0.9310854698099713,syn_scan
0.9959998233475708,-0.5498975067269439,-1.2586542520945894,-1.391128219438658,0.0,-1.221632427042615,-1.0786080540163847,-1.2216324270426153,-1.2533471612858662,-1.0740152568422034,-1.0740152568422034,-0.71143163362698,0.0,0.0,1.1471811032245511,1.1661595443085742,-1.1578672735905835,-1.2533471612858662,0.0,-1.2586542520945894,-0.6339085515672855,0.0,0.0,-3.469446951953614e-18,0.0,0.0,0.0,0.0,0.0,0.5498975067269439,1.0740152568422037,1.2586542520945894,1.2586542520945894,1.2586542520945894,0.49936346250449504,1.0740152568422037,1.0740152568422037,1.0740152568422037,1.0740152568422037,1.0740152568422037,udp_scan
0.9959998233475708,-0.5498975067269439,-1.2586542520945894,-0.31491578702757633,0.0,-1.221632427042615,0.6454854709669182,-1.2216324270426153,1.2657580258456025,-1.0740152568422034,-1.0740152568422034,-0.71143163362698,0.0,0.0,1.1471811032245511,1.1661595443085742,-1.1578672735905835,1.2657580258456025,0.0,-1.2586542520945894,-0.6339085515672855,0.0,0.0,-3.469446951953614e-18,0.0,0.0,0.0,0.0,0.0,0.5498975067269439,1.0740152568422037,1.2586542520945894,1.2586542520945894,1.2586542520945894,0.49936346250449504,1.0740152568422037,1.0740152568422037,1.0740152568422037,1.0740152568422037,1.0740152568422037,icmp_flood
-0.8692550469368361,-0.5498975067269439,0.7944993617872821,0.24658635162168366,0.0,0.8185768303652898,-0.4789233496743663,0.8185768303652896,-0.36049975318863686,0.9310854698099713,0.9310854698099713,1.4056164397720938,0.0,0.0,-0.8722819620571747,-0.9664324848493213,0.8670257823782943,-0.36049975318863686,0.0,0.7944993617872821,-0.7253184308722602,0.0,0.0,-3.469446951953614e-18,0.0,0.0,0.0,0.0,0.0,0.5498975067269439,-0.9310854698099713,-0.7944993617872822,-0.7944993617872822,-0.7944993617872822,0.49936346250449504,-0.9310854698099713,-0.9310854698099713,-0.9310854698099713,-0.9310854698099713,-0.9310854698099713,syn_scan
0.9959998233475708,-0.5498975067269439,-1.2586542520945894,-1.391128219438658,0.0,-1.221632427042615,-1.0786080540163847,-1.2216324270426153,-1.2533471612858662,-1.0740152568422034,-1.0740152568422034,-0.71143163362698,0.0,0.0,1.1471811032245511,1.1661595443085742,-1.1578672735905835,-1.2533471612858662,0.0,-1.2586542520945894,-0.6339085515672855,0.0,0.0,-3.469446951953614e-18,0.0,0.0,0.0,0.0,0.0,0.5498975067269439,1.0740152568422037,1.2586542520945894,1.2586542520945894,1.2586542520945894,0.49936346250449504,1.0740152568422037,1.0740152568422037,1.0740152568422037,1.0740152568422037,1.0740152568422037,udp_scan
-0.8692550469368361,-0.5498975067269439,0.7944993617872821,0.24658635162168366,0.0,0.8185768303652898,-0.4789233496743663,0.8185768303652896,-0.36049975318863686,0.9310854698099713,0.9310854698099713,1.4056164397720938,0.0,0.0,-0.8722819620571747,-0.9664324848493213,0.8670257823782943,-0.36049975318863686,0.0,0.7944993617872821,-0.4967937326098184,0.0,0.0,-3.469446951953614e-18,0.0,0.0,0.0,0.0,0.0,0.5498975067269439,-0.9310854698099713,-0.7944993617872822,-0.7944993617872822,-0.7944993617872822,0.49936346250449504,-0.9310854698099713,-0.9310854698099713,-0.9310854698099713,-0.9310854698099713,-0.9310854698099713,syn_scan
0.9959998233475708,-0.5498975067269439,0.7944993617872821,1.2292150942578886,0.0,0.8185768303652898,1.0202884111806796,0.8185768303652896,1.2657580258456025,-1.0740152568422034,-1.0740152568422034,-0.71143163362698,0.0,0.0,-0.8722819620571747,-0.9664324848493213,0.8670257823782943,1.2657580258456025,0.0,0.7944993617872821,1.7561212371493518,0.0,0.0,-3.469446951953614e-18,0.0,0.0,0.0,0.0,0.0,0.5498975067269439,1.0740152568422037,-0.7944993617872822,-0.7944993617872822,-0.7944993617872822,0.49936346250449504,1.0740152568422037,1.0740152568422037,1.0740152568422037,1.0740152568422037,1.0740152568422037,normal
0.9959998233475708,-0.5498975067269439,-1.2586542520945894,-1.391128219438658,0.0,-1.221632427042615,-1.0786080540163847,-1.2216324270426153,-1.2533471612858662,-1.0740152568422034,-1.0740152568422034,-0.71143163362698,0.0,0.0,1.1471811032245511,1.1661595443085742,-1.1578672735905835,-1.2533471612858662,0.0,-1.2586542520945894,-0.6339085515672855,0.0,0.0,-3.469446951953614e-18,0.0,0.0,0.0,0.0,0.0,0.5498975067269439,1.0740152568422037,1.2586542520945894,1.2586542520945894,1.2586542520945894,0.49936346250449504,1.0740152568422037,1.0740152568422037,1.0740152568422037,1.0740152568422037,1.0740152568422037,udp_scan
0.9959998233475708,-0.5498975067269439,-1.2586542520945894,-1.391128219438658,0.0,-1.221632427042615,-1.0786080540163847,-1.2216324270426153,-1.2533471612858662,-1.0740152568422034,-1.0740152568422034,-0.71143163362698,0.0,0.0,1.1471811032245511,1.1661595443085742,-1.1578672735905835,-1.2533471612858662,0.0,-1.2586542520945894,-0.6339085515672855,0.0,0.0,-3.469446951953614e-18,0.0,0.0,0.0,0.0,0.0,0.5498975067269439,1.0740152568422037,1.2586542520945894,1.2586542520945894,1.2586542520945894,0.49936346250449504,1.0740152568422037,1.0740152568422037,1.0740152568422037,1.0740152568422037,1.0740152568422037,udp_scan
0.9959998233475708,-0.5498975067269439,-1.2586542520945894,-1.391128219438658,0.0,-1.221632427042615,-1.0786080540163847,-1.2216324270426153,-1.2533471612858662,-1.0740152568422034,-1.0740152568422034,-0.71143163362698,0.0,0.0,1.1471811032245511,1.1661595443085742,-1.1578672735905835,-1.2533471612858662,0.0,-1.2586542520945894,-0.6339085515672855,0.0,0.0,-3.469446951953614e-18,0.0,0.0,0.0,0.0,0.0,0.5498975067269439,1.0740152568422037,1.2586542520945894,1.2586542520945894,1.2586542520945894,0.49936346250449504,1.0740152568422037,1.0740152568422037,1.0740152568422037,1.0740152568422037,1.0740152568422037,udp_scan
0.9959998233475708,-0.5498975067269439,-1.2586542520945894,-0.8296260807893979,0.0,-1.221632427042615,-0.1790809975033571,-1.2216324270426153,0.2772483954522413,-1.0740152568422034,-1.0740152568422034,-0.71143163362698,0.0,0.0,1.1471811032245511,1.1661595443085742,-1.1578672735905835,0.2772483954522413,0.0,-1.2586542520945894,-0.6339085515672855,0.0,0.0,-3.469446951953614e-18,0.0,0.0,0.0,0.0,0.0,0.5498975067269439,1.0740152568422037,1.2586542520945894,1.2586542520945894,1.2586542520945894,0.49936346250449504,1.0740152568422037,1.0740152568422037,1.0740152568422037,1.0740152568422037,1.0740152568422037,icmp_flood
0.9959998233475708,-0.5498975067269439,-1.2586542520945894,-1.391128219438658,0.0,-1.221632427042615,-1.0786080540163847,-1.2216324270426153,-1.2533471612858662,-1.0740152568422034,-1.0740152568422034,-0.71143163362698,0.0,0.0,1.1471811032245511,1.1661595443085742,-1.1578672735905835,-1.2533471612858662,0.0,-1.2586542520945894,-0.6339085515672855,0.0,0.0,-3.469446951953614e-18,0.0,0.0,0.0,0.0,0.0,0.5498975067269439,1.0740152568422037,1.2586542520945894,1.2586542520945894,1.2586542520945894,0.49936346250449504,1.0740152568422037,1.0740152568422037,1.0740152568422037,1.0740152568422037,1.0740152568422037,udp_scan
0.9959998233475708,1.8185207020706828,0.7944993617872821,1.2292150942578886,0.0,0.8185768303652898,0.9453278231379273,0.8185768303652896,1.2657580258456025,-1.0740152568422034,-1.0740152568422034,-0.71143163362698,0.0,0.0,-0.8722819620571747,-0.9664324848493213,0.8670257823782943,1.2657580258456025,0.0,0.7944993617872821,1.7561212371493518,0.0,0.0,-3.469446951953614e-18,0.0,0.0,0.0,0.0,0.0,-1.8185207020706826,1.0740152568422037,-0.7944993617872822,-0.7944993617872822,-0.7944993617872822,0.49936346250449504,1.0740152568422037,1.0740152568422037,1.0740152568422037,1.0740152568422037,1.0740152568422037,normal
0.9959998233475708,-0.5498975067269439,-1.2586542520945894,-1.391128219438658,0.0,-1.221632427042615,-1.0786080540163847,-1.2216324270426153,-1.2533471612858662,-1.0740152568422034,-1.0740152568422034,-0.71143163362698,0.0,0.0,1.1471811032245511,1.1661595443085742,-1.1578672735905835,-1.2533471612858662,0.0,-1.2586542520945894,-0.6339085515672855,0.0,0.0,-3.469446951953614e-18,0.0,0.0,0.0,0.0,0.0,0.5498975067269439,1.0740152568422037,1.2586542520945894,1.2586542520945894,1.2586542520945894,0.49936346250449504,1.0740152568422037,1.0740152568422037,1.0740152568422037,1.0740152568422037,1.0740152568422037,udp_scan
-0.8692550469368361,-0.5498975067269439,0.7944993617872821,0.24658635162168366,0.0,0.8185768303652898,-0.4789233496743663,0.8185768303652896,-0.36049975318863686,0.9310854698099713,0.9310854698099713,1.4056164397720938,0.0,0.0,-0.8722819620571747,-0.9664324848493213,0.8670257823782943,-0.36049975318863686,0.0,0.7944993617872821,-0.47394126278357707,0.0,0.0,-3.469446951953614e-18,0.0,0.0,0.0,0.0,0.0,0.5498975067269439,-0.9310854698099713,-0.7944993617872822,-0.7944993617872822,-0.7944993617872822,0.49936346250449504,-0.9310854698099713,-0.9310854698099713,-0.9310854698099713,-0.9310854698099713,-0.9310854698099713,syn_scan
0.9959998233475708,-0.5498975067269439,-1.2586542520945894,-0.31491578702757633,0.0,-1.221632427042615,0.6454854709669182,-1.2216324270426153,1.2657580258456025,-1.0740152568422034,-1.0740152568422034,-0.71143163362698,0.0,0.0,1.1471811032245511,1.1661595443085742,-1.1578672735905835,1.2657580258456025,0.0,-1.2586542520945894,-0.6339085515672855,0.0,0.0,-3.469446951953614e-18,0.0,0.0,0.0,0.0,0.0,0.5498975067269439,1.0740152568422037,1.2586542520945894,1.2586542520945894,1.2586542520945894,0.49936346250449504,1.0740152568422037,1.0740152568422037,1.0740152568422037,1.0740152568422037,1.0740152568422037,icmp_flood
-0.8692550469368361,1.8185207020706828,0.7944993617872821,0.24658635162168366,0.0,0.8185768303652898,-0.4789233496743663,0.8185768303652896,-0.36049975318863686,0.9310854698099713,0.9310854698099713,1.4056164397720938,0.0,0.0,-0.8722819620571747,-0.9664324848493213,0.8670257823782943,-0.36049975318863686,0.0,0.7944993617872821,1.7561212371493518,0.0,0.0,-3.469446951953614e-18,0.0,0.0,0.0,0.0,0.0,-1.8185207020706826,-0.9310854698099713,-0.7944993617872822,-0.7944993617872822,-0.7944993617872822,0.49936346250449504,-0.9310854698099713,-0.9310854698099713,-0.9310854698099713,-0.9310854698099713,-0.9310854698099713,port_sweep
-0.8692550469368361,-0.5498975067269439,0.7944993617872821,0.24658635162168366,0.0,0.8185768303652898,-0.4789233496743663,0.8185768303652896,-0.36049975318863686,0.9310854698099713,0.9310854698099713,1.4056164397720938,0.0,0.0,-0.8722819620571747,-0.9664324848493213,0.8670257823782943,-0.36049975318863686,0.0,0.7944993617872821,-0.6643785113356093,0.0,0.0,-3.469446951953614e-18,0.0,0.0,0.0,0.0,0.0,0.5498975067269439,-0.9310854698099713,-0.7944993617872822,-0.7944993617872822,-0.7944993617872822,0.49936346250449504,-0.9310854698099713,-0.9310854698099713,-0.9310854698099713,-0.9310854698099713,-0.9310854698099713,syn_scan
-0.8692550469368361,-0.5498975067269439,0.7944993617872821,0.24658635162168366,0.0,0.8185768303652898,-0.4789233496743663,0.8185768303652896,-0.36049975318863686,0.9310854698099713,0.9310854698099713,1.4056164397720938,0.0,0.0,-0.8722819620571747,-0.9664324848493213,0.8670257823782943,-0.36049975318863686,0.0,0.7944993617872821,-0.4053838533048435,0.0,0.0,-3.469446951953614e-18,0.0,0.0,0.0,0.0,0.0,0.5498975067269439,-0.9310854698099713,-0.7944993617872822,-0.7944993617872822,-0.7944993617872822,0.49936346250449504,-0.9310854698099713,-0.9310854698099713,-0.9310854698099713,-0.9310854698099713,-0.9310854698099713,syn_scan
-0.8692550469368361,-0.5498975067269439,0.7944993617872821,0.24658635162168366,0.0,0.8185768303652898,-0.4789233496743663,0.8185768303652896,-0.36049975318863686,0.9310854698099713,0.9310854698099713,1.4056164397720938,0.0,0.0,-0.8722819620571747,-0.9664324848493213,0.8670257823782943,-0.36049975318863686,0.0,0.7944993617872821,-0.6948484711039364,0.0,0.0,-3.469446951953614e-18,0.0,0.0,0.0,0.0,0.0,0.5498975067269439,-0.9310854698099713,-0.7944993617872822,-0.7944993617872822,-0.7944993617872822,0.49936346250449504,-0.9310854698099713,-0.9310854698099713,-0.9310854698099713,-0.9310854698099713,-0.9310854698099713,syn_scan
0.9959998233475708,-0.5498975067269439,-1.2586542520945894,-1.391128219438658,0.0,-1.221632427042615,-1.0786080540163847,-1.2216324270426153,-1.2533471612858662,-1.0740152568422034,-1.0740152568422034,-0.71143163362698,0.0,0.0,1.1471811032245511,1.1661595443085742,-1.1578672735905835,-1.2533471612858662,0.0,-1.2586542520945894,-0.6339085515672855,0.0,0.0,-3.469446951953614e-18,0.0,0.0,0.0,0.0,0.0,0.5498975067269439,1.0740152568422037,1.2586542520945894,1.2586542520945894,1.2586542520945894,0.49936346250449504,1.0740152568422037,1.0740152568422037,1.0740152568422037,1.0740152568422037,1.0740152568422037,udp_scan
-0.8692550469368361,-0.5498975067269439,0.7944993617872821,0.24658635162168366,0.0,0.8185768303652898,-0.4789233496743663,0.8185768303652896,-0.36049975318863686,0.9310854698099713,0.9310854698099713,1.4056164397720938,0.0,0.0,-0.8722819620571747,-0.9664324848493213,0.8670257823782943,-0.36049975318863686,0.0,0.7944993617872821,-0.6339085515672855,0.0,0.0,-3.469446951953614e-18,0.0,0.0,0.0,0.0,0.0,0.5498975067269439,-0.9310854698099713,-0.7944993617872822,-0.7944993617872822,-0.7944993617872822,0.49936346250449504,-0.9310854698099713,-0.9310854698099713,-0.9310854698099713,-0.9310854698099713,-0.9310854698099713,syn_scan
0.9959998233475708,-0.5498975067269439,-1.2586542520945894,-1.391128219438658,0.0,-1.221632427042615,-1.0786080540163847,-1.2216324270426153,-1.2533471612858662,-1.0740152568422034,-1.0740152568422034,-0.71143163362698,0.0,0.0,1.1471811032245511,1.1661595443085742,-1.1578672735905835,-1.2533471612858662,0.0,-1.2586542520945894,-0.6339085515672855,0.0,0.0,-3.469446951953614e-18,0.0,0.0,0.0,0.0,0.0,0.5498975067269439,1.0740152568422037,1.2586542520945894,1.2586542520945894,1.2586542520945894,0.49936346250449504,1.0740152568422037,1.0740152568422037,1.0740152568422037,1.0740152568422037,1.0740152568422037,udp_scan
-0.8692550469368361,-0.5498975067269439,0.7944993617872821,0.24658635162168366,0.0,0.8185768303652898,-0.4789233496743663,0.8185768303652896,-0.36049975318863686,0.9310854698099713,0.9310854698099713,1.4056164397720938,0.0,0.0,-0.8722819620571747,-0.9664324848493213,0.8670257823782943,-0.36049975318863686,0.0,0.7944993617872821,-0.7557883906405874,0.0,0.0,-3.469446951953614e-18,0.0,0.0,0.0,0.0,0.0,0.5498975067269439,-0.9310854698099713,-0.7944993617872822,-0.7944993617872822,-0.7944993617872822,0.49936346250449504,-0.9310854698099713,-0.9310854698099713,-0.9310854698099713,-0.9310854698099713,-0.9310854698099713,syn_scan
0.9959998233475708,-0.5498975067269439,-1.2586542520945894,-1.391128219438658,0.0,-1.221632427042615,-1.0786080540163847,-1.2216324270426153,-1.2533471612858662,-1.0740152568422034,-1.0740152568422034,-0.71143163362698,0.0,0.0,1.1471811032245511,1.1661595443085742,-1.1578672735905835,-1.2533471612858662,0.0,-1.2586542520945894,-0.6339085515672855,0.0,0.0,-3.469446951953614e-18,0.0,0.0,0.0,0.0,0.0,0.5498975067269439,1.0740152568422037,1.2586542520945894,1.2586542520945894,1.2586542520945894,0.49936346250449504,1.0740152568422037,1.0740152568422037,1.0740152568422037,1.0740152568422037,1.0740152568422037,udp_scan
0.9959998233475708,-0.5498975067269439,-1.2586542520945894,-0.31491578702757633,0.0,-1.221632427042615,0.6454854709669182,-1.2216324270426153,1.2657580258456025,-1.0740152568422034,-1.0740152568422034,-0.71143163362698,0.0,0.0,1.1471811032245511,1.1661595443085742,-1.1578672735905835,1.2657580258456025,0.0,-1.2586542520945894,-0.6339085515672855,0.0,0.0,-3.469446951953614e-18,0.0,0.0,0.0,0.0,0.0,0.5498975067269439,1.0740152568422037,1.2586542520945894,1.2586542520945894,1.2586542520945894,0.49936346250449504,1.0740152568422037,1.0740152568422037,1.0740152568422037,1.0740152568422037,1.0740152568422037,icmp_flood
-0.8692550469368361,-0.5498975067269439,0.7944993617872821,0.24658635162168366,0.0,0.8185768303652898,-0.4789233496743663,0.8185768303652896,-0.36049975318863686,0.9310854698099713,0.9310854698099713,1.4056164397720938,0.0,0.0,-0.8722819620571747,-0.9664324848493213,0.8670257823782943,-0.36049975318863686,0.0,0.7944993617872821,-0.6339085515672855,0.0,0.0,-3.469446951953614e-18,0.0,0.0,0.0,0.0,0.0,0.5498975067269439,-0.9310854698099713,-0.7944993617872822,-0.7944993617872822,-0.7944993617872822,0.49936346250449504,-0.9310854698099713,-0.9310854698099713,-0.9310854698099713,-0.9310854698099713,-0.9310854698099713,syn_scan
0.9959998233475708,-0.5498975067269439,-1.2586542520945894,-0.31491578702757633,0.0,-1.221632427042615,0.6454854709669182,-1.2216324270426153,1.2657580258456025,-1.0740152568422034,-1.0740152568422034,-0.71143163362698,0.0,0.0,1.1471811032245511,1.1661595443085742,-1.1578672735905835,1.2657580258456025,0.0,-1.2586542520945894,-0.6339085515672855,0.0,0.0,-3.469446951953614e-18,0.0,0.0,0.0,0.0,0.0,0.5498975067269439,1.0740152568422037,1.2586542520945894,1.2586542520945894,1.2586542520945894,0.49936346250449504,1.0740152568422037,1.0740152568422037,1.0740152568422037,1.0740152568422037,1.0740152568422037,icmp_flood
0.9959998233475708,-0.5498975067269439,-1.2586542520945894,-0.8296260807893979,0.0,-1.221632427042615,-0.1790809975033571,-1.2216324270426153,0.2772483954522413,-1.0740152568422034,-1.0740152568422034,-0.71143163362698,0.0,0.0,1.1471811032245511,1.1661595443085742,-1.1578672735905835,0.2772483954522413,0.0,-1.2586542520945894,-0.6339085515672855,0.0,0.0,-3.469446951953614e-18,0.0,0.0,0.0,0.0,0.0,0.5498975067269439,1.0740152568422037,1.2586542520945894,1.2586542520945894,1.2586542520945894,0.49936346250449504,1.0740152568422037,1.0740152568422037,1.0740152568422037,1.0740152568422037,1.0740152568422037,icmp_flood
0.9959998233475708,-0.5498975067269439,0.7944993617872821,1.2292150942578886,0.0,0.8185768303652898,0.9453278231379273,0.8185768303652896,1.2657580258456025,-1.0740152568422034,-1.0740152568422034,-0.71143163362698,0.0,0.0,-0.8722819620571747,-0.9664324848493213,0.8670257823782943,1.2657580258456025,0.0,0.7944993617872821,1.7561212371493518,0.0,0.0,-3.469446951953614e-18,0.0,0.0,0.0,0.0,0.0,0.5498975067269439,1.0740152568422037,-0.7944993617872822,-0.7944993617872822,-0.7944993617872822,0.49936346250449504,1.0740152568422037,1.0740152568422037,1.0740152568422037,1.0740152568422037,1.0740152568422037,normal
0.9959998233475708,-0.5498975067269439,-1.2586542520945894,-1.391128219438658,0.0,-1.221632427042615,-1.0786080540163847,-1.2216324270426153,-1.2533471612858662,-1.0740152568422034,-1.0740152568422034,-0.71143163362698,0.0,0.0,1.1471811032245511,1.1661595443085742,-1.1578672735905835,-1.2533471612858662,0.0,-1.2586542520945894,-0.6339085515672855,0.0,0.0,-3.469446951953614e-18,0.0,0.0,0.0,0.0,0.0,0.5498975067269439,1.0740152568422037,1.2586542520945894,1.2586542520945894,1.2586542520945894,0.49936346250449504,1.0740152568422037,1.0740152568422037,1.0740152568422037,1.0740152568422037,1.0740152568422037,udp_scan
-0.8692550469368361,-0.5498975067269439,0.7944993617872821,0.24658635162168366,0.0,0.8185768303652898,-0.4789233496743663,0.8185768303652896,-0.36049975318863686,0.9310854698099713,0.9310854698099713,1.4056164397720938,0.0,0.0,-0.8722819620571747,-0.9664324848493213,0.8670257823782943,-0.36049975318863686,0.0,0.7944993617872821,-0.6643785113356093,0.0,0.0,-3.469446951953614e-18,0.0,0.0,0.0,0.0,0.0,0.5498975067269439,-0.9310854698099713,-0.7944993617872822,-0.7944993617872822,-0.7944993617872822,0.49936346250449504,-0.9310854698099713,-0.9310854698099713,-0.9310854698099713,-0.9310854698099713,-0.9310854698099713,syn_scan
-0.8692550469368361,-0.5498975067269439,0.7944993617872821,0.24658635162168366,0.0,0.8185768303652898,-0.4789233496743663,0.8185768303652896,-0.36049975318863686,0.9310854698099713,0.9310854698099713,1.4056164397720938,0.0,0.0,-0.8722819620571747,-0.9664324848493213,0.8670257823782943,-0.36049975318863686,0.0,0.7944993617872821,1.7561212371493518,0.0,0.0,-3.469446951953614e-18,0.0,0.0,0.0,0.0,0.0,0.5498975067269439,-0.9310854698099713,-0.7944993617872822,-0.7944993617872822,-0.7944993617872822,0.49936346250449504,-0.9310854698099713,-0.9310854698099713,-0.9310854698099713,-0.9310854698099713,-0.9310854698099713,port_sweep
-0.8692550469368361,1.8185207020706828,0.7944993617872821,1.2292150942578886,0.0,0.8185768303652898,1.5450125274799458,0.8185768303652896,1.1559236224685627,0.9310854698099713,0.9310854698099713,-0.71143163362698,0.0,0.0,-0.8722819620571747,-0.9664324848493213,-1.1578672735905835,1.1559236224685618,0.0,0.7944993617872821,1.7561212371493518,0.0,0.0,-3.469446951953614e-18,0.0,0.0,0.0,0.0,0.0,-1.8185207020706826,-0.9310854698099713,-0.7944993617872822,-0.7944993617872822,-0.7944993617872822,-2.002549395553741,-0.9310854698099713,-0.9310854698099713,-0.9310854698099713,-0.9310854698099713,-0.9310854698099713,normal
0.9959998233475708,-0.5498975067269439,-1.2586542520945894,-0.8296260807893979,0.0,-1.221632427042615,-0.1790809975033571,-1.2216324270426153,0.2772483954522413,-1.0740152568422034,-1.0740152568422034,-0.71143163362698,0.0,0.0,1.1471811032245511,1.1661595443085742,-1.1578672735905835,0.2772483954522413,0.0,-1.2586542520945894,-0.6339085515672855,0.0,0.0,-3.469446951953614e-18,0.0,0.0,0.0,0.0,0.0,0.5498975067269439,1.0740152568422037,1.2586542520945894,1.2586542520945894,1.2586542520945894,0.49936346250449504,1.0740152568422037,1.0740152568422037,1.0740152568422037,1.0740152568422037,1.0740152568422037,icmp_flood
-0.8692550469368361,1.8185207020706828,0.7944993617872821,1.2292150942578886,0.0,0.8185768303652898,1.5450125274799458,0.8185768303652896,1.2657580258456025,0.9310854698099713,0.9310854698099713,-0.71143163362698,0.0,0.0,1.1471811032245511,-0.8570687910463527,0.8670257823782943,1.2657580258456025,0.0,0.7944993617872821,0.11488081689523334,0.0,0.0,-3.469446951953614e-18,0.0,0.0,0.0,0.0,0.0,-1.8185207020706826,-0.9310854698099713,-0.7944993617872822,-0.7944993617872822,-0.7944993617872822,-2.002549395553741,-0.9310854698099713,-0.9310854698099713,-0.9310854698099713,-0.9310854698099713,-0.9310854698099713,normal
0.9959998233475708,-0.5498975067269439,-1.2586542520945894,-0.31491578702757633,0.0,-1.221632427042615,0.6454854709669182,-1.2216324270426153,1.2657580258456025,-1.0740152568422034,-1.0740152568422034,-0.71143163362698,0.0,0.0,1.1471811032245511,1.1661595443085742,-1.1578672735905835,1.2657580258456025,0.0,-1.2586542520945894,-0.6339085515672855,0.0,0.0,-3.469446951953614e-18,0.0,0.0,0.0,0.0,0.0,0.5498975067269439,1.0740152568422037,1.2586542520945894,1.2586542520945894,1.2586542520945894,0.49936346250449504,1.0740152568422037,1.0740152568422037,1.0740152568422037,1.0740152568422037,1.0740152568422037,icmp_flood
0.9959998233475708,-0.5498975067269439,-1.2586542520945894,-0.8296260807893979,0.0,-1.221632427042615,-0.1790809975033571,-1.2216324270426153,0.2772483954522413,-1.0740152568422034,-1.0740152568422034,-0.71143163362698,0.0,0.0,1.1471811032245511,1.1661595443085742,-1.1578672735905835,0.2772483954522413,0.0,-1.2586542520945894,-0.6339085515672855,0.0,0.0,-3.469446951953614e-18,0.0,0.0,0.0,0.0,0.0,0.5498975067269439,1.0740152568422037,1.2586542520945894,1.2586542520945894,1.2586542520945894,0.49936346250449504,1.0740152568422037,1.0740152568422037,1.0740152568422037,1.0740152568422037,1.0740152568422037,icmp_flood
-0.8692550469368361,1.8185207020706828,0.7944993617872821,1.2292150942578886,0.0,0.8185768303652898,1.5450125274799458,0.8185768303652896,1.2657580258456025,0.9310854698099713,0.9310854698099713,-0.71143163362698,0.0,0.0,-0.8722819620571747,-0.11339567318616328,0.8670257823782943,1.2657580258456025,0.0,0.7944993617872821,1.3796479564562225,0.0,0.0,-3.469446951953614e-18,0.0,0.0,0.0,0.0,0.0,-1.8185207020706826,-0.9310854698099713,-0.7944993617872822,-0.7944993617872822,-0.7944993617872822,-2.002549395553741,-0.9310854698099713,-0.9310854698099713,-0.9310854698099713,-0.9310854698099713,-0.9310854698099713,normal
0.9959998233475708,1.8185207020706828,0.7944993617872821,1.2292150942578886,0.0,0.8185768303652898,1.0577687052020557,0.8185768303652896,1.2657580258456025,-1.0740152568422034,-1.0740152568422034,-0.71143163362698,0.0,0.0,-0.8722819620571747,-0.9664324848493213,0.8670257823782943,1.2657580258456025,0.0,0.7944993617872821,1.7561212371493518,0.0,0.0,-3.469446951953614e-18,0.0,0.0,0.0,0.0,0.0,-1.8185207020706826,1.0740152568422037,-0.7944993617872822,-0.7944993617872822,-0.7944993617872822,0.49936346250449504,1.0740152568422037,1.0740152568422037,1.0740152568422037,1.0740152568422037,1.0740152568422037,normal
-0.8692550469368361,-0.5498975067269439,0.7944993617872821,0.24658635162168366,0.0,0.8185768303652898,-0.4789233496743663,0.8185768303652896,-0.36049975318863686,0.9310854698099713,0.9310854698099713,1.4056164397720938,0.0,0.0,-0.8722819620571747,-0.9664324848493213,0.8670257823782943,-0.36049975318863686,0.0,0.7944993617872821,-0.534881182320228,0.0,0.0,-3.469446951953614e-18,0.0,0.0,0.0,0.0,0.0,0.5498975067269439,-0.9310854698099713,-0.7944993617872822,-0.7944993617872822,-0.7944993617872822,0.49936346250449504,-0.9310854698099713,-0.9310854698099713,-0.9310854698099713,-0.9310854698099713,-0.9310854698099713,syn_scan
0.9959998233475708,-0.5498975067269439,0.7944993617872821,1.2292150942578886,0.0,0.8185768303652898,1.0577687052020557,0.8185768303652896,1.2657580258456025,-1.0740152568422034,-1.0740152568422034,-0.71143163362698,0.0,0.0,-0.8722819620571747,-0.9664324848493213,0.8670257823782943,1.2657580258456025,0.0,0.7944993617872821,1.7561212371493518,0.0,0.0,-3.469446951953614e-18,0.0,0.0,0.0,0.0,0.0,0.5498975067269439,1.0740152568422037,-0.7944993617872822,-0.7944993617872822,-0.7944993617872822,0.49936346250449504,1.0740152568422037,1.0740152568422037,1.0740152568422037,1.0740152568422037,1.0740152568422037,normal
-0.8692550469368361,1.8185207020706828,0.7944993617872821,1.2292150942578886,0.0,0.8185768303652898,1.5450125274799458,0.8185768303652896,1.2657580258456025,0.9310854698099713,0.9310854698099713,-0.71143163362698,0.0,0.0,-0.8698889245641175,-0.11339567318616328,0.8670257823782943,1.2657580258456025,0.0,0.7944993617872821,1.7561212371493518,0.0,0.0,-3.469446951953614e-18,0.0,0.0,0.0,0.0,0.0,-1.8185207020706826,-0.9310854698099713,-0.7944993617872822,-0.7944993617872822,-0.7944993617872822,-2.002549395553741,-0.9310854698099713,-0.9310854698099713,-0.9310854698099713,-0.9310854698099713,-0.9310854698099713,normal
-0.8692550469368361,-0.5498975067269439,0.7944993617872821,0.24658635162168366,0.0,0.8185768303652898,-0.4789233496743663,0.8185768303652896,-0.36049975318863686,0.9310854698099713,0.9310854698099713,1.4056164397720938,0.0,0.0,-0.8722819620571747,-0.9664324848493213,0.8670257823782943,-0.36049975318863686,0.0,0.7944993617872821,-0.7938758403509938,0.0,0.0,-3.469446951953614e-18,0.0,0.0,0.0,0.0,0.0,0.5498975067269439,-0.9310854698099713,-0.7944993617872822,-0.7944993617872822,-0.7944993617872822,0.49936346250449504,-0.9310854698099713,-0.9310854698099713,-0.9310854698099713,-0.9310854698099713,-0.9310854698099713,syn_scan
0.9959998233475708,-0.5498975067269439,-1.2586542520945894,-1.391128219438658,0.0,-1.221632427042615,-1.0786080540163847,-1.2216324270426153,-1.2533471612858662,-1.0740152568422034,-1.0740152568422034,-0.71143163362698,0.0,0.0,1.1471811032245511,1.1661595443085742,-1.1578672735905835,-1.2533471612858662,0.0,-1.2586542520945894,-0.6339085515672855,0.0,0.0,-3.469446951953614e-18,0.0,0.0,0.0,0.0,0.0,0.5498975067269439,1.0740152568422037,1.2586542520945894,1.2586542520945894,1.2586542520945894,0.49936346250449504,1.0740152568422037,1.0740152568422037,1.0740152568422037,1.0740152568422037,1.0740152568422037,udp_scan
0.9959998233475708,-0.5498975067269439,-1.2586542520945894,-0.8296260807893979,0.0,-1.221632427042615,-0.1790809975033571,-1.2216324270426153,0.2772483954522413,-1.0740152568422034,-1.0740152568422034,-0.71143163362698,0.0,0.0,1.1471811032245511,1.1661595443085742,-1.1578672735905835,0.2772483954522413,0.0,-1.2586542520945894,-0.6339085515672855,0.0,0.0,-3.469446951953614e-18,0.0,0.0,0.0,0.0,0.0,0.5498975067269439,1.0740152568422037,1.2586542520945894,1.2586542520945894,1.2586542520945894,0.49936346250449504,1.0740152568422037,1.0740152568422037,1.0740152568422037,1.0740152568422037,1.0740152568422037,icmp_flood
-0.8692550469368361,-0.5498975067269439,0.7944993617872821,0.24658635162168366,0.0,0.8185768303652898,-0.4789233496743663,0.8185768303652896,-0.36049975318863686,0.9310854698099713,0.9310854698099713,1.4056164397720938,0.0,0.0,-0.8722819620571747,-0.9664324848493213,0.8670257823782943,-0.36049975318863686,0.0,0.7944993617872821,1.7046608606516953,0.0,0.0,-3.469446951953614e-18,0.0,0.0,0.0,0.0,0.0,0.5498975067269439,-0.9310854698099713,-0.7944993617872822,-0.7944993617872822,-0.7944993617872822,0.49936346250449504,-0.9310854698099713,-0.9310854698099713,-0.9310854698099713,-0.9310854698099713,-0.9310854698099713,port_sweep
-0.8692550469368361,-0.5498975067269439,0.7944993617872821,0.24658635162168366,0.0,0.8185768303652898,-0.4789233496743663,0.8185768303652896,-0.36049975318863686,0.9310854698099713,0.9310854698099713,1.4056164397720938,0.0,0.0,-0.8722819620571747,-0.9664324848493213,0.8670257823782943,-0.36049975318863686,0.0,0.7944993617872821,-0.6339085515672855,0.0,0.0,-3.469446951953614e-18,0.0,0.0,0.0,0.0,0.0,0.5498975067269439,-0.9310854698099713,-0.7944993617872822,-0.7944993617872822,-0.7944993617872822,0.49936346250449504,-0.9310854698099713,-0.9310854698099713,-0.9310854698099713,-0.9310854698099713,-0.9310854698099713,syn_scan
-0.8692550469368361,-0.5498975067269439,0.7944993617872821,0.24658635162168366,0.0,0.8185768303652898,-0.4789233496743663,0.8185768303652896,-0.36049975318863686,0.9310854698099713,0.9310854698099713,1.4056164397720938,0.0,0.0,-0.8722819620571747,-0.9664324848493213,0.8670257823782943,-0.36049975318863686,0.0,0.7944993617872821,-0.7862583504089112,0.0,0.0,-3.469446951953614e-18,0.0,0.0,0.0,0.0,0.0,0.5498975067269439,-0.9310854698099713,-0.7944993617872822,-0.7944993617872822,-0.7944993617872822,0.49936346250449504,-0.9310854698099713,-0.9310854698099713,-0.9310854698099713,-0.9310854698099713,-0.9310854698099713,syn_scan
0.9959998233475708,-0.5498975067269439,-1.2586542520945894,-0.8296260807893979,0.0,-1.221632427042615,-0.1790809975033571,-1.2216324270426153,0.2772483954522413,-1.0740152568422034,-1.0740152568422034,-0.71143163362698,0.0,0.0,1.1471811032245511,1.1661595443085742,-1.1578672735905835,0.2772483954522413,0.0,-1.2586542520945894,-0.6339085515672855,0.0,0.0,-3.469446951953614e-18,0.0,0.0,0.0,0.0,0.0,0.5498975067269439,1.0740152568422037,1.2586542520945894,1.2586542520945894,1.2586542520945894,0.49936346250449504,1.0740152568422037,1.0740152568422037,1.0740152568422037,1.0740152568422037,1.0740152568422037,icmp_flood
-0.8692550469368361,1.8185207020706828,0.7944993617872821,1.2292150942578886,0.0,0.8185768303652898,1.5450125274799458,0.8185768303652896,1.2657580258456025,0.9310854698099713,0.9310854698099713,-0.71143163362698,0.0,0.0,1.1471811032245511,0.9693048954632307,0.8670257823782943,1.2657580258456025,0.0,0.7944993617872821,-0.11827557906116835,0.0,0.0,-3.469446951953614e-18,0.0,0.0,0.0,0.0,0.0,-1.8185207020706826,-0.9310854698099713,-0.7944993617872822,-0.7944993617872822,-0.7944993617872822,-2.002549395553741,-0.9310854698099713,-0.9310854698099713,-0.9310854698099713,-0.9310854698099713,-0.9310854698099713,normal
0.9959998233475708,-0.5498975067269439,-1.2586542520945894,-0.8296260807893979,0.0,-1.221632427042615,-0.1790809975033571,-1.2216324270426153,0.2772483954522413,-1.0740152568422034,-1.0740152568422034,-0.71143163362698,0.0,0.0,1.1471811032245511,1.1661595443085742,-1.1578672735905835,0.2772483954522413,0.0,-1.2586542520945894,-0.6339085515672855,0.0,0.0,-3.469446951953614e-18,0.0,0.0,0.0,0.0,0.0,0.5498975067269439,1.0740152568422037,1.2586542520945894,1.2586542520945894,1.2586542520945894,0.49936346250449504,1.0740152568422037,1.0740152568422037,1.0740152568422037,1.0740152568422037,1.0740152568422037,icmp_flood
0.9959998233475708,-0.5498975067269439,-1.2586542520945894,-0.31491578702757633,0.0,-1.221632427042615,0.6454854709669182,-1.2216324270426153,1.2657580258456025,-1.0740152568422034,-1.0740152568422034,-0.71143163362698,0.0,0.0,1.1471811032245511,1.1661595443085742,-1.1578672735905835,1.2657580258456025,0.0,-1.2586542520945894,-0.6339085515672855,0.0,0.0,-3.469446951953614e-18,0.0,0.0,0.0,0.0,0.0,0.5498975067269439,1.0740152568422037,1.2586542520945894,1.2586542520945894,1.2586542520945894,0.49936346250449504,1.0740152568422037,1.0740152568422037,1.0740152568422037,1.0740152568422037,1.0740152568422037,icmp_flood
0.9959998233475708,-0.5498975067269439,-1.2586542520945894,-1.391128219438658,0.0,-1.221632427042615,-1.0786080540163847,-1.2216324270426153,-1.2533471612858662,-1.0740152568422034,-1.0740152568422034,-0.71143163362698,0.0,0.0,1.1471811032245511,1.1661595443085742,-1.1578672735905835,-1.2533471612858662,0.0,-1.2586542520945894,-0.6339085515672855,0.0,0.0,-3.469446951953614e-18,0.0,0.0,0.0,0.0,0.0,0.5498975067269439,1.0740152568422037,1.2586542520945894,1.2586542520945894,1.2586542520945894,0.49936346250449504,1.0740152568422037,1.0740152568422037,1.0740152568422037,1.0740152568422037,1.0740152568422037,udp_scan
0.9959998233475708,-0.5498975067269439,-1.2586542520945894,-1.391128219438658,0.0,-1.221632427042615,-1.0786080540163847,-1.2216324270426153,-1.2533471612858662,-1.0740152568422034,-1.0740152568422034,-0.71143163362698,0.0,0.0,1.1471811032245511,1.1661595443085742,-1.1578672735905835,-1.2533471612858662,0.0,-1.2586542520945894,-0.6339085515672855,0.0,0.0,-3.469446951953614e-18,0.0,0.0,0.0,0.0,0.0,0.5498975067269439,1.0740152568422037,1.2586542520945894,1.2586542520945894,1.2586542520945894,0.49936346250449504,1.0740152568422037,1.0740152568422037,1.0740152568422037,1.0740152568422037,1.0740152568422037,udp_scan
0.9959998233475708,-0.5498975067269439,-1.2586542520945894,-0.8296260807893979,0.0,-1.221632427042615,-0.1790809975033571,-1.2216324270426153,0.2772483954522413,-1.0740152568422034,-1.0740152568422034,-0.71143163362698,0.0,0.0,1.1471811032245511,1.1661595443085742,-1.1578672735905835,0.2772483954522413,0.0,-1.2586542520945894,-0.6339085515672855,0.0,0.0,-3.469446951953614e-18,0.0,0.0,0.0,0.0,0.0,0.5498975067269439,1.0740152568422037,1.2586542520945894,1.2586542520945894,1.2586542520945894,0.49936346250449504,1.0740152568422037,1.0740152568422037,1.0740152568422037,1.0740152568422037,1.0740152568422037,icmp_flood
-0.8692550469368361,-0.5498975067269439,0.7944993617872821,0.24658635162168366,0.0,0.8185768303652898,-0.4789233496743663,0.8185768303652896,-0.36049975318863686,0.9310854698099713,0.9310854698099713,1.4056164397720938,0.0,0.0,-0.8722819620571747,-0.9664324848493213,0.8670257823782943,-0.36049975318863686,0.0,0.7944993617872821,-0.7253184308722602,0.0,0.0,-3.469446951953614e-18,0.0,0.0,0.0,0.0,0.0,0.5498975067269439,-0.9310854698099713,-0.7944993617872822,-0.7944993617872822,-0.7944993617872822,0.49936346250449504,-0.9310854698099713,-0.9310854698099713,-0.9310854698099713,-0.9310854698099713,-0.9310854698099713,syn_scan
0.9959998233475708,-0.5498975067269439,-1.2586542520945894,-1.391128219438658,0.0,-1.221632427042615,-1.0786080540163847,-1.2216324270426153,-1.2533471612858662,-1.0740152568422034,-1.0740152568422034,-0.71143163362698,0.0,0.0,1.1471811032245511,1.1661595443085742,-1.1578672735905835,-1.2533471612858662,0.0,-1.2586542520945894,-0.6339085515672855,0.0,0.0,-3.469446951953614e-18,0.0,0.0,0.0,0.0,0.0,0.5498975067269439,1.0740152568422037,1.2586542520945894,1.2586542520945894,1.2586542520945894,0.49936346250449504,1.0740152568422037,1.0740152568422037,1.0740152568422037,1.0740152568422037,1.0740152568422037,udp_scan
0.9959998233475708,-0.5498975067269439,-1.2586542520945894,-0.31491578702757633,0.0,-1.221632427042615,0.6454854709669182,-1.2216324270426153,1.2657580258456025,-1.0740152568422034,-1.0740152568422034,-0.71143163362698,0.0,0.0,1.1471811032245511,1.1661595443085742,-1.1578672735905835,1.2657580258456025,0.0,-1.2586542520945894,-0.6339085515672855,0.0,0.0,-3.469446951953614e-18,0.0,0.0,0.0,0.0,0.0,0.5498975067269439,1.0740152568422037,1.2586542520945894,1.2586542520945894,1.2586542520945894,0.49936346250449504,1.0740152568422037,1.0740152568422037,1.0740152568422037,1.0740152568422037,1.0740152568422037,icmp_flood
-0.8692550469368361,1.8185207020706828,0.7944993617872821,1.2292150942578886,0.0,0.8185768303652898,1.5450125274799458,0.8185768303652896,1.2657580258456025,0.9310854698099713,0.9310854698099713,-0.71143163362698,0.0,0.0,-0.8722819620571747,-0.11339567318616328,0.8670257823782943,1.2657580258456025,0.0,0.7944993617872821,1.7561212371493518,0.0,0.0,-3.469446951953614e-18,0.0,0.0,0.0,0.0,0.0,-1.8185207020706826,-0.9310854698099713,-0.7944993617872822,-0.7944993617872822,-0.7944993617872822,-2.002549395553741,-0.9310854698099713,-0.9310854698099713,-0.9310854698099713,-0.9310854698099713,-0.9310854698099713,normal
0.9959998233475708,-0.5498975067269439,-1.2586542520945894,-1.391128219438658,0.0,-1.221632427042615,-1.0786080540163847,-1.2216324270426153,-1.2533471612858662,-1.0740152568422034,-1.0740152568422034,-0.71143163362698,0.0,0.0,1.1471811032245511,1.1661595443085742,-1.1578672735905835,-1.2533471612858662,0.0,-1.2586542520945894,-0.6339085515672855,0.0,0.0,-3.469446951953614e-18,0.0,0.0,0.0,0.0,0.0,0.5498975067269439,1.0740152568422037,1.2586542520945894,1.2586542520945894,1.2586542520945894,0.49936346250449504,1.0740152568422037,1.0740152568422037,1.0740152568422037,1.0740152568422037,1.0740152568422037,udp_scan
-0.8692550469368361,-0.5498975067269439,0.7944993617872821,0.24658635162168366,0.0,0.8185768303652898,-0.4789233496743663,0.8185768303652896,-0.36049975318863686,0.9310854698099713,0.9310854698099713,1.4056164397720938,0.0,0.0,-0.8722819620571747,-0.9664324848493213,0.8670257823782943,-0.36049975318863686,0.0,0.7944993617872821,-0.6034385917989583,0.0,0.0,-3.469446951953614e-18,0.0,0.0,0.0,0.0,0.0,0.5498975067269439,-0.9310854698099713,-0.7944993617872822,-0.7944993617872822,-0.7944993617872822,0.49936346250449504,-0.9310854698099713,-0.9310854698099713,-0.9310854698099713,-0.9310854698099713,-0.9310854698099713,syn_scan
0.9959998233475708,-0.5498975067269439,-1.2586542520945894,-0.8296260807893979,0.0,-1.221632427042615,-0.1790809975033571,-1.2216324270426153,0.2772483954522413,-1.0740152568422034,-1.0740152568422034,-0.71143163362698,0.0,0.0,1.1471811032245511,1.1661595443085742,-1.1578672735905835,0.2772483954522413,0.0,-1.2586542520945894,-0.6339085515672855,0.0,0.0,-3.469446951953614e-18,0.0,0.0,0.0,0.0,0.0,0.5498975067269439,1.0740152568422037,1.2586542520945894,1.2586542520945894,1.2586542520945894,0.49936346250449504,1.0740152568422037,1.0740152568422037,1.0740152568422037,1.0740152568422037,1.0740152568422037,icmp_flood
-0.8692550469368361,1.8185207020706828,0.7944993617872821,1.2292150942578886,0.0,0.8185768303652898,1.5450125274799458,0.8185768303652896,1.2657580258456025,0.9310854698099713,0.9310854698099713,-0.71143163362698,0.0,0.0,-0.8699796323946606,-0.11339567318616328,0.8670257823782943,1.2657580258456025,0.0,0.7944993617872821,1.7561212371493518,0.0,0.0,-3.469446951953614e-18,0.0,0.0,0.0,0.0,0.0,-1.8185207020706826,-0.9310854698099713,-0.7944993617872822,-0.7944993617872822,-0.7944993617872822,-2.002549395553741,-0.9310854698099713,-0.9310854698099713,-0.9310854698099713,-0.9310854698099713,-0.9310854698099713,normal
-0.8692550469368361,-0.5498975067269439,0.7944993617872821,0.24658635162168366,0.0,0.8185768303652898,-0.4789233496743663,0.8185768303652896,-0.36049975318863686,0.9310854698099713,0.9310854698099713,1.4056164397720938,0.0,0.0,-0.8722819620571747,-0.9664324848493213,0.8670257823782943,-0.36049975318863686,0.0,0.7944993617872821,-0.08544927573742685,0.0,0.0,-3.469446951953614e-18,0.0,0.0,0.0,0.0,0.0,0.5498975067269439,-0.9310854698099713,-0.7944993617872822,-0.7944993617872822,-0.7944993617872822,0.49936346250449504,-0.9310854698099713,-0.9310854698099713,-0.9310854698099713,-0.9310854698099713,-0.9310854698099713,port_sweep
0.9959998233475708,-0.5498975067269439,-1.2586542520945894,-0.31491578702757633,0.0,-1.221632427042615,0.6454854709669182,-1.2216324270426153,1.2657580258456025,-1.0740152568422034,-1.0740152568422034,-0.71143163362698,0.0,0.0,1.1471811032245511,1.1661595443085742,-1.1578672735905835,1.2657580258456025,0.0,-1.2586542520945894,-0.6339085515672855,0.0,0.0,-3.469446951953614e-18,0.0,0.0,0.0,0.0,0.0,0.5498975067269439,1.0740152568422037,1.2586542520945894,1.2586542520945894,1.2586542520945894,0.49936346250449504,1.0740152568422037,1.0740152568422037,1.0740152568422037,1.0740152568422037,1.0740152568422037,icmp_flood
0.9959998233475708,-0.5498975067269439,-1.2586542520945894,-0.8296260807893979,0.0,-1.221632427042615,-0.1790809975033571,-1.2216324270426153,0.2772483954522413,-1.0740152568422034,-1.0740152568422034,-0.71143163362698,0.0,0.0,1.1471811032245511,1.1661595443085742,-1.1578672735905835,0.2772483954522413,0.0,-1.2586542520945894,-0.6339085515672855,0.0,0.0,-3.469446951953614e-18,0.0,0.0,0.0,0.0,0.0,0.5498975067269439,1.0740152568422037,1.2586542520945894,1.2586542520945894,1.2586542520945894,0.49936346250449504,1.0740152568422037,1.0740152568422037,1.0740152568422037,1.0740152568422037,1.0740152568422037,icmp_flood
0.9959998233475708,-0.5498975067269439,-1.2586542520945894,-1.391128219438658,0.0,-1.221632427042615,-1.0786080540163847,-1.2216324270426153,-1.2533471612858662,-1.0740152568422034,-1.0740152568422034,-0.71143163362698,0.0,0.0,1.1471811032245511,1.1661595443085742,-1.1578672735905835,-1.2533471612858662,0.0,-1.2586542520945894,-0.6339085515672855,0.0,0.0,-3.469446951953614e-18,0.0,0.0,0.0,0.0,0.0,0.5498975067269439,1.0740152568422037,1.2586542520945894,1.2586542520945894,1.2586542520945894,0.49936346250449504,1.0740152568422037,1.0740152568422037,1.0740152568422037,1.0740152568422037,1.0740152568422037,udp_scan
-0.8692550469368361,1.8185207020706828,0.7944993617872821,1.2292150942578886,0.0,0.8185768303652898,1.5450125274799458,0.8185768303652896,1.2657580258456025,0.9310854698099713,0.9310854698099713,-0.71143163362698,0.0,0.0,1.1471811032245511,-0.8598028833914264,0.8670257823782943,1.2657580258456025,0.0,0.7944993617872821,-0.36016103326894383,0.0,0.0,-3.469446951953614e-18,0.0,0.0,0.0,0.0,0.0,-1.8185207020706826,-0.9310854698099713,-0.7944993617872822,-0.7944993617872822,-0.7944993617872822,-2.002549395553741,-0.9310854698099713,-0.9310854698099713,-0.9310854698099713,-0.9310854698099713,-0.9310854698099713,normal
0.9959998233475708,-0.5498975067269439,-1.2586542520945894,-0.8296260807893979,0.0,-1.221632427042615,-0.1790809975033571,-1.2216324270426153,0.2772483954522413,-1.0740152568422034,-1.0740152568422034,-0.71143163362698,0.0,0.0,1.1471811032245511,1.1661595443085742,-1.1578672735905835,0.2772483954522413,0.0,-1.2586542520945894,-0.6339085515672855,0.0,0.0,-3.469446951953614e-18,0.0,0.0,0.0,0.0,0.0,0.5498975067269439,1.0740152568422037,1.2586542520945894,1.2586542520945894,1.2586542520945894,0.49936346250449504,1.0740152568422037,1.0740152568422037,1.0740152568422037,1.0740152568422037,1.0740152568422037,icmp_flood
-0.8692550469368361,1.8185207020706828,0.7944993617872821,1.2292150942578886,0.0,0.8185768303652898,1.5450125274799458,0.8185768303652896,1.2657580258456025,0.9310854698099713,0.9310854698099713,-0.71143163362698,0.0,0.0,-0.8722819620571747,-0.25556847513002295,0.8670257823782943,1.2657580258456025,0.0,0.7944993617872821,1.7561212371493518,0.0,0.0,-3.469446951953614e-18,0.0,0.0,0.0,0.0,0.0,-1.8185207020706826,-0.9310854698099713,-0.7944993617872822,-0.7944993617872822,-0.7944993617872822,-2.002549395553741,-0.9310854698099713,-0.9310854698099713,-0.9310854698099713,-0.9310854698099713,-0.9310854698099713,normal
0.9959998233475708,-0.5498975067269439,-1.2586542520945894,-1.391128219438658,0.0,-1.221632427042615,-1.0786080540163847,-1.2216324270426153,-1.2533471612858662,-1.0740152568422034,-1.0740152568422034,-0.71143163362698,0.0,0.0,1.1471811032245511,1.1661595443085742,-1.1578672735905835,-1.2533471612858662,0.0,-1.2586542520945894,-0.6339085515672855,0.0,0.0,-3.469446951953614e-18,0.0,0.0,0.0,0.0,0.0,0.5498975067269439,1.0740152568422037,1.2586542520945894,1.2586542520945894,1.2586542520945894,0.49936346250449504,1.0740152568422037,1.0740152568422037,1.0740152568422037,1.0740152568422037,1.0740152568422037,udp_scan
-0.8692550469368361,1.8185207020706828,0.7944993617872821,1.2292150942578886,0.0,0.8185768303652898,1.5450125274799458,0.8185768303652896,1.2657580258456025,0.9310854698099713,0.9310854698099713,-0.71143163362698,0.0,0.0,-0.8722819620571747,-0.25556847513002295,0.8670257823782943,1.2657580258456025,0.0,0.7944993617872821,1.7561212371493518,0.0,0.0,-3.469446951953614e-18,0.0,0.0,0.0,0.0,0.0,-1.8185207020706826,-0.9310854698099713,-0.7944993617872822,-0.7944993617872822,-0.7944993617872822,-2.002549395553741,-0.9310854698099713,-0.9310854698099713,-0.9310854698099713,-0.9310854698099713,-0.9310854698099713,normal
-0.8692550469368361,1.8185207020706828,0.7944993617872821,1.2292150942578886,0.0,0.8185768303652898,1.5450125274799458,0.8185768303652896,1.2657580258456025,0.9310854698099713,0.9310854698099713,-0.71143163362698,0.0,0.0,-0.8722819620571747,-0.9664324848493213,0.8670257823782943,1.2657580258456025,0.0,0.7944993617872821,1.1882156303892337,0.0,0.0,-3.469446951953614e-18,0.0,0.0,0.0,0.0,0.0,-1.8185207020706826,-0.9310854698099713,-0.7944993617872822,-0.7944993617872822,-0.7944993617872822,-2.002549395553741,-0.9310854698099713,-0.9310854698099713,-0.9310854698099713,-0.9310854698099713,-0.9310854698099713,normal
-0.8692550469368361,-0.5498975067269439,0.7944993617872821,1.2292150942578886,0.0,0.8185768303652898,1.5450125274799458,0.8185768303652896,-0.3179832099459123,0.9310854698099713,0.9310854698099713,1.4056164397720938,0.0,0.0,-0.8317009279054391,0.09986352972962646,0.8670257823782943,-0.3179832099459123,0.0,0.7944993617872821,-0.6453347864804061,0.0,0.0,-3.469446951953614e-18,0.0,0.0,0.0,0.0,0.0,0.5498975067269439,-0.9310854698099713,-0.7944993617872822,-0.7944993617872822,-0.7944993617872822,0.49936346250449504,-0.9310854698099713,-0.9310854698099713,-0.9310854698099713,-0.9310854698099713,-0.9310854698099713,port_sweep
0.9959998233475708,1.8185207020706828,0.7944993617872821,1.2292150942578886,0.0,0.8185768303652898,0.9453278231379273,0.8185768303652896,1.2657580258456025,-1.0740152568422034,-1.0740152568422034,-0.71143163362698,0.0,0.0,-0.8722819620571747,-0.9664324848493213,-1.1578672735905835,1.2657580258456025,0.0,0.7944993617872821,1.7561212371493518,0.0,0.0,-3.469446951953614e-18,0.0,0.0,0.0,0.0,0.0,-1.8185207020706826,1.0740152568422037,-0.7944993617872822,-0.7944993617872822,-0.7944993617872822,0.49936346250449504,1.0740152568422037,1.0740152568422037,1.0740152568422037,1.0740152568422037,1.0740152568422037,normal
-0.8692550469368361,1.8185207020706828,0.7944993617872821,1.2292150942578886,0.0,0.8185768303652898,1.5450125274799458,0.8185768303652896,1.2657580258456025,0.9310854698099713,0.9310854698099713,-0.71143163362698,0.0,0.0,-0.8698889245641175,-0.11339567318616328,0.8670257823782943,1.2657580258456025,0.0,0.7944993617872821,1.7561212371493518,0.0,0.0,-3.469446951953614e-18,0.0,0.0,0.0,0.0,0.0,-1.8185207020706826,-0.9310854698099713,-0.7944993617872822,-0.7944993617872822,-0.7944993617872822,-2.002549395553741,-0.9310854698099713,-0.9310854698099713,-0.9310854698099713,-0.9310854698099713,-0.9310854698099713,normal
0.9959998233475708,-0.5498975067269439,-1.2586542520945894,-1.391128219438658,0.0,-1.221632427042615,-1.0786080540163847,-1.2216324270426153,-1.2533471612858662,-1.0740152568422034,-1.0740152568422034,-0.71143163362698,0.0,0.0,1.1471811032245511,1.1661595443085742,-1.1578672735905835,-1.2533471612858662,0.0,-1.2586542520945894,-0.6339085515672855,0.0,0.0,-3.469446951953614e-18,0.0,0.0,0.0,0.0,0.0,0.5498975067269439,1.0740152568422037,1.2586542520945894,1.2586542520945894,1.2586542520945894,0.49936346250449504,1.0740152568422037,1.0740152568422037,1.0740152568422037,1.0740152568422037,1.0740152568422037,udp_scan
0.9959998233475708,-0.5498975067269439,-1.2586542520945894,-1.391128219438658,0.0,-1.221632427042615,-1.0786080540163847,-1.2216324270426153,-1.2533471612858662,-1.0740152568422034,-1.0740152568422034,-0.71143163362698,0.0,0.0,1.1471811032245511,1.1661595443085742,-1.1578672735905835,-1.2533471612858662,0.0,-1.2586542520945894,-0.6339085515672855,0.0,0.0,-3.469446951953614e-18,0.0,0.0,0.0,0.0,0.0,0.5498975067269439,1.0740152568422037,1.2586542520945894,1.2586542520945894,1.2586542520945894,0.49936346250449504,1.0740152568422037,1.0740152568422037,1.0740152568422037,1.0740152568422037,1.0740152568422037,udp_scan
-0.8692550469368361,1.8185207020706828,0.7944993617872821,1.2292150942578886,0.0,0.8185768303652898,1.5450125274799458,0.8185768303652896,1.2186861386840144,0.9310854698099713,0.9310854698099713,-0.71143163362698,0.0,0.0,-0.8722819620571747,-0.9664324848493213,-1.1578672735905835,1.2186861386840135,0.0,0.7944993617872821,1.7561212371493518,0.0,0.0,-3.469446951953614e-18,0.0,0.0,0.0,0.0,0.0,-1.8185207020706826,-0.9310854698099713,-0.7944993617872822,-0.7944993617872822,-0.7944993617872822,-2.002549395553741,-0.9310854698099713,-0.9310854698099713,-0.9310854698099713,-0.9310854698099713,-0.9310854698099713,normal
-0.8692550469368361,-0.5498975067269439,0.7944993617872821,0.24658635162168366,0.0,0.8185768303652898,-0.4789233496743663,0.8185768303652896,-0.36049975318863686,0.9310854698099713,0.9310854698099713,1.4056164397720938,0.0,0.0,-0.8722819620571747,-0.9664324848493213,0.8670257823782943,-0.36049975318863686,0.0,0.7944993617872821,-0.8243458001193178,0.0,0.0,-3.469446951953614e-18,0.0,0.0,0.0,0.0,0.0,0.5498975067269439,-0.9310854698099713,-0.7944993617872822,-0.7944993617872822,-0.7944993617872822,0.49936346250449504,-0.9310854698099713,-0.9310854698099713,-0.9310854698099713,-0.9310854698099713,-0.9310854698099713,port_sweep
0.9959998233475708,-0.5498975067269439,-1.2586542520945894,-1.391128219438658,0.0,-1.221632427042615,-1.0786080540163847,-1.2216324270426153,-1.2533471612858662,-1.0740152568422034,-1.0740152568422034,-0.71143163362698,0.0,0.0,1.1471811032245511,1.1661595443085742,-1.1578672735905835,-1.2533471612858662,0.0,-1.2586542520945894,-0.6339085515672855,0.0,0.0,-3.469446951953614e-18,0.0,0.0,0.0,0.0,0.0,0.5498975067269439,1.0740152568422037,1.2586542520945894,1.2586542520945894,1.2586542520945894,0.49936346250449504,1.0740152568422037,1.0740152568422037,1.0740152568422037,1.0740152568422037,1.0740152568422037,udp_scan
0.9959998233475708,-0.5498975067269439,-1.2586542520945894,-1.391128219438658,0.0,-1.221632427042615,-1.0786080540163847,-1.2216324270426153,-1.2533471612858662,-1.0740152568422034,-1.0740152568422034,-0.71143163362698,0.0,0.0,1.1471811032245511,1.1661595443085742,-1.1578672735905835,-1.2533471612858662,0.0,-1.2586542520945894,-0.6339085515672855,0.0,0.0,-3.469446951953614e-18,0.0,0.0,0.0,0.0,0.0,0.5498975067269439,1.0740152568422037,1.2586542520945894,1.2586542520945894,1.2586542520945894,0.49936346250449504,1.0740152568422037,1.0740152568422037,1.0740152568422037,1.0740152568422037,1.0740152568422037,udp_scan
0.9959998233475708,1.8185207020706828,0.7944993617872821,1.2292150942578886,0.0,0.8185768303652898,1.0577687052020557,0.8185768303652896,1.2657580258456025,-1.0740152568422034,-1.0740152568422034,-0.71143163362698,0.0,0.0,-0.8722819620571747,-0.9664324848493213,0.8670257823782943,1.2657580258456025,0.0,0.7944993617872821,1.7561212371493518,0.0,0.0,-3.469446951953614e-18,0.0,0.0,0.0,0.0,0.0,-1.8185207020706826,1.0740152568422037,-0.7944993617872822,-0.7944993617872822,-0.7944993617872822,0.49936346250449504,1.0740152568422037,1.0740152568422037,1.0740152568422037,1.0740152568422037,1.0740152568422037,normal
-0.8692550469368361,-0.5498975067269439,0.7944993617872821,0.24658635162168366,0.0,0.8185768303652898,-0.4789233496743663,0.8185768303652896,-0.36049975318863686,0.9310854698099713,0.9310854698099713,1.4056164397720938,0.0,0.0,-0.8722819620571747,-0.9664324848493213,0.8670257823782943,-0.36049975318863686,0.0,0.7944993617872821,-0.46632377284149445,0.0,0.0,-3.469446951953614e-18,0.0,0.0,0.0,0.0,0.0,0.5498975067269439,-0.9310854698099713,-0.7944993617872822,-0.7944993617872822,-0.7944993617872822,0.49936346250449504,-0.9310854698099713,-0.9310854698099713,-0.9310854698099713,-0.9310854698099713,-0.9310854698099713,syn_scan
0.9959998233475708,-0.5498975067269439,0.7944993617872821,1.2292150942578886,0.0,0.8185768303652898,1.0577687052020557,0.8185768303652896,1.2657580258456025,-1.0740152568422034,-1.0740152568422034,-0.71143163362698,0.0,0.0,-0.8722819620571747,-0.9664324848493213,0.8670257823782943,1.2657580258456025,0.0,0.7944993617872821,1.7561212371493518,0.0,0.0,-3.469446951953614e-18,0.0,0.0,0.0,0.0,0.0,0.5498975067269439,1.0740152568422037,-0.7944993617872822,-0.7944993617872822,-0.7944993617872822,0.49936346250449504,1.0740152568422037,1.0740152568422037,1.0740152568422037,1.0740152568422037,1.0740152568422037,normal
-0.8692550469368361,-0.5498975067269439,0.7944993617872821,1.2292150942578886,0.0,0.8185768303652898,1.5450125274799458,0.8185768303652896,-0.3179832099459123,0.9310854698099713,0.9310854698099713,1.4056164397720938,0.0,0.0,-0.8317009279054391,0.09986352972962646,0.8670257823782943,-0.3179832099459123,0.0,0.7944993617872821,0.2801902414824789,0.0,0.0,-3.469446951953614e-18,0.0,0.0,0.0,0.0,0.0,0.5498975067269439,-0.9310854698099713,-0.7944993617872822,-0.7944993617872822,-0.7944993617872822,0.49936346250449504,-0.9310854698099713,-0.9310854698099713,-0.9310854698099713,-0.9310854698099713,-0.9310854698099713,port_sweep
-0.8692550469368361,1.8185207020706828,0.7944993617872821,1.2292150942578886,0.0,0.8185768303652898,1.5450125274799458,0.8185768303652896,1.2141307947651512,0.9310854698099713,0.9310854698099713,-0.71143163362698,0.0,0.0,-0.8722819620571747,-0.9664324848493213,-1.1578672735905835,1.2141307947651503,0.0,0.7944993617872821,1.7561212371493518,0.0,0.0,-3.469446951953614e-18,0.0,0.0,0.0,0.0,0.0,-1.8185207020706826,-0.9310854698099713,-0.7944993617872822,-0.7944993617872822,-0.7944993617872822,-2.002549395553741,-0.9310854698099713,-0.9310854698099713,-0.9310854698099713,-0.9310854698099713,-0.9310854698099713,normal
0.9959998233475708,-0.5498975067269439,-1.2586542520945894,-1.391128219438658,0.0,-1.221632427042615,-1.0786080540163847,-1.2216324270426153,-1.2533471612858662,-1.0740152568422034,-1.0740152568422034,-0.71143163362698,0.0,0.0,1.1471811032245511,1.1661595443085742,-1.1578672735905835,-1.2533471612858662,0.0,-1.2586542520945894,-0.6339085515672855,0.0,0.0,-3.469446951953614e-18,0.0,0.0,0.0,0.0,0.0,0.5498975067269439,1.0740152568422037,1.2586542520945894,1.2586542520945894,1.2586542520945894,0.49936346250449504,1.0740152568422037,1.0740152568422037,1.0740152568422037,1.0740152568422037,1.0740152568422037,udp_scan
0.9959998233475708,-0.5498975067269439,-1.2586542520945894,-1.391128219438658,0.0,-1.221632427042615,-1.0786080540163847,-1.2216324270426153,-1.2533471612858662,-1.0740152568422034,-1.0740152568422034,-0.71143163362698,0.0,0.0,1.1471811032245511,1.1661595443085742,-1.1578672735905835,-1.2533471612858662,0.0,-1.2586542520945894,-0.6339085515672855,0.0,0.0,-3.469446951953614e-18,0.0,0.0,0.0,0.0,0.0,0.5498975067269439,1.0740152568422037,1.2586542520945894,1.2586542520945894,1.2586542520945894,0.49936346250449504,1.0740152568422037,1.0740152568422037,1.0740152568422037,1.0740152568422037,1.0740152568422037,udp_scan
-0.8692550469368361,-0.5498975067269439,0.7944993617872821,0.24658635162168366,0.0,0.8185768303652898,-0.4789233496743663,0.8185768303652896,-0.36049975318863686,0.9310854698099713,0.9310854698099713,1.4056164397720938,0.0,0.0,-0.8722819620571747,-0.9664324848493213,0.8670257823782943,-0.36049975318863686,0.0,0.7944993617872821,-0.44347130301525,0.0,0.0,-3.469446951953614e-18,0.0,0.0,0.0,0.0,0.0,0.5498975067269439,-0.9310854698099713,-0.7944993617872822,-0.7944993617872822,-0.7944993617872822,0.49936346250449504,-0.9310854698099713,-0.9310854698099713,-0.9310854698099713,-0.9310854698099713,-0.9310854698099713,syn_scan
-0.8692550469368361,1.8185207020706828,0.7944993617872821,1.2292150942578886,0.0,0.8185768303652898,1.5450125274799458,0.8185768303652896,1.2657580258456025,0.9310854698099713,0.9310854698099713,-0.71143163362698,0.0,0.0,1.1471811032245511,-0.8598028833914264,0.8670257823782943,1.2657580258456025,0.0,0.7944993617872821,-0.31484178930972306,0.0,0.0,-3.469446951953614e-18,0.0,0.0,0.0,0.0,0.0,-1.8185207020706826,-0.9310854698099713,-0.7944993617872822,-0.7944993617872822,-0.7944993617872822,-2.002549395553741,-0.9310854698099713,-0.9310854698099713,-0.9310854698099713,-0.9310854698099713,-0.9310854698099713,normal
0.9959998233475708,-0.5498975067269439,-1.2586542520945894,-0.47868724413361047,0.0,-1.221632427042615,0.3831234128172851,-1.2216324270426153,1.2338706184135586,-1.0740152568422034,-1.0740152568422034,-0.71143163362698,0.0,0.0,1.1471811032245511,1.1661595443085742,-1.1578672735905835,1.2338706184135586,0.0,-1.2586542520945894,-0.6339085515672855,0.0,0.0,-3.469446951953614e-18,0.0,0.0,0.0,0.0,0.0,0.5498975067269439,1.0740152568422037,1.2586542520945894,1.2586542520945894,1.2586542520945894,0.49936346250449504,1.0740152568422037,1.0740152568422037,1.0740152568422037,1.0740152568422037,1.0740152568422037,udp_scan
-0.8692550469368361,1.8185207020706828,0.7944993617872821,1.2292150942578886,0.0,0.8185768303652898,1.5450125274799458,0.8185768303652896,1.2657580258456025,0.9310854698099713,0.9310854698099713,-0.71143163362698,0.0,0.0,-0.8722819620571747,-0.11339567318616328,0.8670257823782943,1.2657580258456025,0.0,0.7944993617872821,1.7561212371493518,0.0,0.0,-3.469446951953614e-18,0.0,0.0,0.0,0.0,0.0,-1.8185207020706826,-0.9310854698099713,-0.7944993617872822,-0.7944993617872822,-0.7944993617872822,-2.002549395553741,-0.9310854698099713,-0.9310854698099713,-0.9310854698099713,-0.9310854698099713,-0.9310854698099713,normal
0.9959998233475708,-0.5498975067269439,-1.2586542520945894,-1.391128219438658,0.0,-1.221632427042615,-1.0786080540163847,-1.2216324270426153,-1.2533471612858662,-1.0740152568422034,-1.0740152568422034,-0.71143163362698,0.0,0.0,1.1471811032245511,1.1661595443085742,-1.1578672735905835,-1.2533471612858662,0.0,-1.2586542520945894,-0.6339085515672855,0.0,0.0,-3.469446951953614e-18,0.0,0.0,0.0,0.0,0.0,0.5498975067269439,1.0740152568422037,1.2586542520945894,1.2586542520945894,1.2586542520945894,0.49936346250449504,1.0740152568422037,1.0740152568422037,1.0740152568422037,1.0740152568422037,1.0740152568422037,udp_scan
-0.8692550469368361,1.8185207020706828,0.7944993617872821,1.2292150942578886,0.0,0.8185768303652898,1.5450125274799458,0.8185768303652896,1.2657580258456025,0.9310854698099713,0.9310854698099713,-0.71143163362698,0.0,0.0,-0.8722819620571747,-0.25556847513002295,0.8670257823782943,1.2657580258456025,0.0,0.7944993617872821,1.7561212371493518,0.0,0.0,-3.469446951953614e-18,0.0,0.0,0.0,0.0,0.0,-1.8185207020706826,-0.9310854698099713,-0.7944993617872822,-0.7944993617872822,-0.7944993617872822,-2.002549395553741,-0.9310854698099713,-0.9310854698099713,-0.9310854698099713,-0.9310854698099713,-0.9310854698099713,normal
-0.8692550469368361,-0.5498975067269439,0.7944993617872821,0.24658635162168366,0.0,0.8185768303652898,-0.4789233496743663,0.8185768303652896,-0.36049975318863686,0.9310854698099713,0.9310854698099713,1.4056164397720938,0.0,0.0,-0.8722819620571747,-0.9664324848493213,0.8670257823782943,-0.36049975318863686,0.0,0.7944993617872821,-0.565351142088552,0.0,0.0,-3.469446951953614e-18,0.0,0.0,0.0,0.0,0.0,0.5498975067269439,-0.9310854698099713,-0.7944993617872822,-0.7944993617872822,-0.7944993617872822,0.49936346250449504,-0.9310854698099713,-0.9310854698099713,-0.9310854698099713,-0.9310854698099713,-0.9310854698099713,syn_scan
-0.8692550469368361,-0.5498975067269439,0.7944993617872821,0.24658635162168366,0.0,0.8185768303652898,-0.4789233496743663,0.8185768303652896,-0.36049975318863686,0.9310854698099713,0.9310854698099713,1.4056164397720938,0.0,0.0,-0.8722819620571747,-0.9664324848493213,0.8670257823782943,-0.36049975318863686,0.0,0.7944993617872821,-0.8243458001193178,0.0,0.0,-3.469446951953614e-18,0.0,0.0,0.0,0.0,0.0,0.5498975067269439,-0.9310854698099713,-0.7944993617872822,-0.7944993617872822,-0.7944993617872822,0.49936346250449504,-0.9310854698099713,-0.9310854698099713,-0.9310854698099713,-0.9310854698099713,-0.9310854698099713,port_sweep
0.9959998233475708,-0.5498975067269439,0.7944993617872821,1.2292150942578886,0.0,0.8185768303652898,0.9453278231379273,0.8185768303652896,1.2657580258456025,-1.0740152568422034,-1.0740152568422034,-0.71143163362698,0.0,0.0,-0.8722819620571747,-0.9664324848493213,0.8670257823782943,1.2657580258456025,0.0,0.7944993617872821,1.7561212371493518,0.0,0.0,-3.469446951953614e-18,0.0,0.0,0.0,0.0,0.0,0.5498975067269439,1.0740152568422037,-0.7944993617872822,-0.7944993617872822,-0.7944993617872822,0.49936346250449504,1.0740152568422037,1.0740152568422037,1.0740152568422037,1.0740152568422037,1.0740152568422037,normal
-0.8692550469368361,-0.5498975067269439,0.7944993617872821,0.24658635162168366,0.0,0.8185768303652898,-0.4789233496743663,0.8185768303652896,-0.36049975318863686,0.9310854698099713,0.9310854698099713,1.4056164397720938,0.0,0.0,-0.8722819620571747,-0.9664324848493213,0.8670257823782943,-0.36049975318863686,0.0,0.7944993617872821,-0.7634058805826668,0.0,0.0,-3.469446951953614e-18,0.0,0.0,0.0,0.0,0.0,0.5498975067269439,-0.9310854698099713,-0.7944993617872822,-0.7944993617872822,-0.7944993617872822,0.49936346250449504,-0.9310854698099713,-0.9310854698099713,-0.9310854698099713,-0.9310854698099713,-0.9310854698099713,syn_scan
-0.8692550469368361,1.8185207020706828,0.7944993617872821,1.2292150942578886,0.0,0.8185768303652898,1.5450125274799458,0.8185768303652896,1.2141307947651512,0.9310854698099713,0.9310854698099713,-0.71143163362698,0.0,0.0,-0.8722819620571747,-0.9664324848493213,-1.1578672735905835,1.2141307947651503,0.0,0.7944993617872821,1.7561212371493518,0.0,0.0,-3.469446951953614e-18,0.0,0.0,0.0,0.0,0.0,-1.8185207020706826,-0.9310854698099713,-0.7944993617872822,-0.7944993617872822,-0.7944993617872822,-2.002549395553741,-0.9310854698099713,-0.9310854698099713,-0.9310854698099713,-0.9310854698099713,-0.9310854698099713,normal
-0.8692550469368361,-0.5498975067269439,0.7944993617872821,0.24658635162168366,0.0,0.8185768303652898,-0.4789233496743663,0.8185768303652896,-0.36049975318863686,0.9310854698099713,0.9310854698099713,1.4056164397720938,0.0,0.0,-0.8722819620571747,-0.9664324848493213,0.8670257823782943,-0.36049975318863686,0.0,0.7944993617872821,-0.6948484711039364,0.0,0.0,-3.469446951953614e-18,0.0,0.0,0.0,0.0,0.0,0.5498975067269439,-0.9310854698099713,-0.7944993617872822,-0.7944993617872822,-0.7944993617872822,0.49936346250449504,-0.9310854698099713,-0.9310854698099713,-0.9310854698099713,-0.9310854698099713,-0.9310854698099713,syn_scan
-0.8692550469368361,-0.5498975067269439,0.7944993617872821,0.24658635162168366,0.0,0.8185768303652898,-0.4789233496743663,0.8185768303652896,-0.36049975318863686,0.9310854698099713,0.9310854698099713,1.4056164397720938,0.0,0.0,-0.8722819620571747,-0.9664324848493213,0.8670257823782943,-0.36049975318863686,0.0,0.7944993617872821,1.7561212371493518,0.0,0.0,-3.469446951953614e-18,0.0,0.0,0.0,0.0,0.0,0.5498975067269439,-0.9310854698099713,-0.7944993617872822,-0.7944993617872822,-0.7944993617872822,0.49936346250449504,-0.9310854698099713,-0.9310854698099713,-0.9310854698099713,-0.9310854698099713,-0.9310854698099713,port_sweep
-0.8692550469368361,1.8185207020706828,0.7944993617872821,1.2292150942578886,0.0,0.8185768303652898,1.5450125274799458,0.8185768303652896,1.2657580258456025,0.9310854698099713,0.9310854698099713,-0.71143163362698,0.0,0.0,-0.8699796323946606,-0.11339567318616328,0.8670257823782943,1.2657580258456025,0.0,0.7944993617872821,1.7561212371493518,0.0,0.0,-3.469446951953614e-18,0.0,0.0,0.0,0.0,0.0,-1.8185207020706826,-0.9310854698099713,-0.7944993617872822,-0.7944993617872822,-0.7944993617872822,-2.002549395553741,-0.9310854698099713,-0.9310854698099713,-0.9310854698099713,-0.9310854698099713,-0.9310854698099713,normal
0.9959998233475708,-0.5498975067269439,-1.2586542520945894,-1.391128219438658,0.0,-1.221632427042615,-1.0786080540163847,-1.2216324270426153,-1.2533471612858662,-1.0740152568422034,-1.0740152568422034,-0.71143163362698,0.0,0.0,1.1471811032245511,1.1661595443085742,-1.1578672735905835,-1.2533471612858662,0.0,-1.2586542520945894,-0.6339085515672855,0.0,0.0,-3.469446951953614e-18,0.0,0.0,0.0,0.0,0.0,0.5498975067269439,1.0740152568422037,1.2586542520945894,1.2586542520945894,1.2586542520945894,0.49936346250449504,1.0740152568422037,1.0740152568422037,1.0740152568422037,1.0740152568422037,1.0740152568422037,udp_scan
-0.8692550469368361,-0.5498975067269439,0.7944993617872821,0.24658635162168366,0.0,0.8185768303652898,-0.4789233496743663,0.8185768303652896,-0.36049975318863686,0.9310854698099713,0.9310854698099713,1.4056164397720938,0.0,0.0,-0.8722819620571747,-0.9664324848493213,0.8670257823782943,-0.36049975318863686,0.0,0.7944993617872821,-0.7862583504089112,0.0,0.0,-3.469446951953614e-18,0.0,0.0,0.0,0.0,0.0,0.5498975067269439,-0.9310854698099713,-0.7944993617872822,-0.7944993617872822,-0.7944993617872822,0.49936346250449504,-0.9310854698099713,-0.9310854698099713,-0.9310854698099713,-0.9310854698099713,-0.9310854698099713,syn_scan
-0.8692550469368361,-0.5498975067269439,0.7944993617872821,0.24658635162168366,0.0,0.8185768303652898,-0.4789233496743663,0.8185768303652896,-0.36049975318863686,0.9310854698099713,0.9310854698099713,1.4056164397720938,0.0,0.0,-0.8722819620571747,-0.9664324848493213,0.8670257823782943,-0.36049975318863686,0.0,0.7944993617872821,-0.46632377284149445,0.0,0.0,-3.469446951953614e-18,0.0,0.0,0.0,0.0,0.0,0.5498975067269439,-0.9310854698099713,-0.7944993617872822,-0.7944993617872822,-0.7944993617872822,0.49936346250449504,-0.9310854698099713,-0.9310854698099713,-0.9310854698099713,-0.9310854698099713,-0.9310854698099713,syn_scan
-0.8692550469368361,1.8185207020706828,0.7944993617872821,1.2292150942578886,0.0,0.8185768303652898,1.5450125274799458,0.8185768303652896,1.2657580258456025,0.9310854698099713,0.9310854698099713,-0.71143163362698,0.0,0.0,1.1471811032245511,0.6037176904647338,0.8670257823782943,1.2657580258456025,0.0,0.7944993617872821,0.6828953500059293,0.0,0.0,-3.469446951953614e-18,0.0,0.0,0.0,0.0,0.0,-1.8185207020706826,-0.9310854698099713,-0.7944993617872822,-0.7944993617872822,-0.7944993617872822,-2.002549395553741,-0.9310854698099713,-0.9310854698099713,-0.9310854698099713,-0.9310854698099713,-0.9310854698099713,normal
-0.8692550469368361,-0.5498975067269439,0.7944993617872821,0.24658635162168366,0.0,0.8185768303652898,-0.4789233496743663,0.8185768303652896,-0.36049975318863686,0.9310854698099713,0.9310854698099713,1.4056164397720938,0.0,0.0,-0.8722819620571747,-0.9664324848493213,0.8670257823782943,-0.36049975318863686,0.0,0.7944993617872821,-0.65676102139353,0.0,0.0,-3.469446951953614e-18,0.0,0.0,0.0,0.0,0.0,0.5498975067269439,-0.9310854698099713,-0.7944993617872822,-0.7944993617872822,-0.7944993617872822,0.49936346250449504,-0.9310854698099713,-0.9310854698099713,-0.9310854698099713,-0.9310854698099713,-0.9310854698099713,syn_scan
-0.8692550469368361,-0.5498975067269439,0.7944993617872821,0.24658635162168366,0.0,0.8185768303652898,-0.4789233496743663,0.8185768303652896,-0.36049975318863686,0.9310854698099713,0.9310854698099713,1.4056164397720938,0.0,0.0,-0.8722819620571747,-0.9664324848493213,0.8670257823782943,-0.36049975318863686,0.0,0.7944993617872821,1.125731625053513,0.0,0.0,-3.469446951953614e-18,0.0,0.0,0.0,0.0,0.0,0.5498975067269439,-0.9310854698099713,-0.7944993617872822,-0.7944993617872822,-0.7944993617872822,0.49936346250449504,-0.9310854698099713,-0.9310854698099713,-0.9310854698099713,-0.9310854698099713,-0.9310854698099713,syn_scan
0.9959998233475708,-0.5498975067269439,-1.2586542520945894,-1.391128219438658,0.0,-1.221632427042615,-1.0786080540163847,-1.2216324270426153,-1.2533471612858662,-1.0740152568422034,-1.0740152568422034,-0.71143163362698,0.0,0.0,1.1471811032245511,1.1661595443085742,-1.1578672735905835,-1.2533471612858662,0.0,-1.2586542520945894,-0.6339085515672855,0.0,0.0,-3.469446951953614e-18,0.0,0.0,0.0,0.0,0.0,0.5498975067269439,1.0740152568422037,1.2586542520945894,1.2586542520945894,1.2586542520945894,0.49936346250449504,1.0740152568422037,1.0740152568422037,1.0740152568422037,1.0740152568422037,1.0740152568422037,udp_scan
-0.8692550469368361,-0.5498975067269439,0.7944993617872821,0.24658635162168366,0.0,0.8185768303652898,-0.4789233496743663,0.8185768303652896,-0.36049975318863686,0.9310854698099713,0.9310854698099713,1.4056164397720938,0.0,0.0,-0.8722819620571747,-0.9664324848493213,0.8670257823782943,-0.36049975318863686,0.0,0.7944993617872821,-0.565351142088552,0.0,0.0,-3.469446951953614e-18,0.0,0.0,0.0,0.0,0.0,0.5498975067269439,-0.9310854698099713,-0.7944993617872822,-0.7944993617872822,-0.7944993617872822,0.49936346250449504,-0.9310854698099713,-0.9310854698099713,-0.9310854698099713,-0.9310854698099713,-0.9310854698099713,syn_scan
-0.8692550469368361,-0.5498975067269439,0.7944993617872821,0.24658635162168366,0.0,0.8185768303652898,-0.4789233496743663,0.8185768303652896,-0.36049975318863686,0.9310854698099713,0.9310854698099713,1.4056164397720938,0.0,0.0,-0.8722819620571747,-0.9664324848493213,0.8670257823782943,-0.36049975318863686,0.0,0.7944993617872821,-0.6643785113356093,0.0,0.0,-3.469446951953614e-18,0.0,0.0,0.0,0.0,0.0,0.5498975067269439,-0.9310854698099713,-0.7944993617872822,-0.7944993617872822,-0.7944993617872822,0.49936346250449504,-0.9310854698099713,-0.9310854698099713,-0.9310854698099713,-0.9310854698099713,-0.9310854698099713,syn_scan
-0.8692550469368361,-0.5498975067269439,0.7944993617872821,0.24658635162168366,0.0,0.8185768303652898,-0.4789233496743663,0.8185768303652896,-0.36049975318863686,0.9310854698099713,0.9310854698099713,1.4056164397720938,0.0,0.0,-0.8722819620571747,-0.9664324848493213,0.8670257823782943,-0.36049975318863686,0.0,0.7944993617872821,-0.534881182320228,0.0,0.0,-3.469446951953614e-18,0.0,0.0,0.0,0.0,0.0,0.5498975067269439,-0.9310854698099713,-0.7944993617872822,-0.7944993617872822,-0.7944993617872822,0.49936346250449504,-0.9310854698099713,-0.9310854698099713,-0.9310854698099713,-0.9310854698099713,-0.9310854698099713,syn_scan
-0.8692550469368361,-0.5498975067269439,0.7944993617872821,0.24658635162168366,0.0,0.8185768303652898,-0.4789233496743663,0.8185768303652896,-0.36049975318863686,0.9310854698099713,0.9310854698099713,1.4056164397720938,0.0,0.0,-0.8722819620571747,-0.9664324848493213,0.8670257823782943,-0.36049975318863686,0.0,0.7944993617872821,1.7561212371493518,0.0,0.0,-3.469446951953614e-18,0.0,0.0,0.0,0.0,0.0,0.5498975067269439,-0.9310854698099713,-0.7944993617872822,-0.7944993617872822,-0.7944993617872822,0.49936346250449504,-0.9310854698099713,-0.9310854698099713,-0.9310854698099713,-0.9310854698099713,-0.9310854698099713,port_sweep
0.9959998233475708,-0.5498975067269439,-1.2586542520945894,-1.391128219438658,0.0,-1.221632427042615,-1.0786080540163847,-1.2216324270426153,-1.2533471612858662,-1.0740152568422034,-1.0740152568422034,-0.71143163362698,0.0,0.0,1.1471811032245511,1.1661595443085742,-1.1578672735905835,-1.2533471612858662,0.0,-1.2586542520945894,-0.6339085515672855,0.0,0.0,-3.469446951953614e-18,0.0,0.0,0.0,0.0,0.0,0.5498975067269439,1.0740152568422037,1.2586542520945894,1.2586542520945894,1.2586542520945894,0.49936346250449504,1.0740152568422037,1.0740152568422037,1.0740152568422037,1.0740152568422037,1.0740152568422037,udp_scan
0.9959998233475708,-0.5498975067269439,-1.2586542520945894,-1.391128219438658,0.0,-1.221632427042615,-1.0786080540163847,-1.2216324270426153,-1.2533471612858662,-1.0740152568422034,-1.0740152568422034,-0.71143163362698,0.0,0.0,1.1471811032245511,1.1661595443085742,-1.1578672735905835,-1.2533471612858662,0.0,-1.2586542520945894,-0.6339085515672855,0.0,0.0,-3.469446951953614e-18,0.0,0.0,0.0,0.0,0.0,0.5498975067269439,1.0740152568422037,1.2586542520945894,1.2586542520945894,1.2586542520945894,0.49936346250449504,1.0740152568422037,1.0740152568422037,1.0740152568422037,1.0740152568422037,1.0740152568422037,udp_scan
0.9959998233475708,-0.5498975067269439,-1.2586542520945894,-0.31491578702757633,0.0,-1.221632427042615,0.6454854709669182,-1.2216324270426153,1.2657580258456025,-1.0740152568422034,-1.0740152568422034,-0.71143163362698,0.0,0.0,1.1471811032245511,1.1661595443085742,-1.1578672735905835,1.2657580258456025,0.0,-1.2586542520945894,-0.6339085515672855,0.0,0.0,-3.469446951953614e-18,0.0,0.0,0.0,0.0,0.0,0.5498975067269439,1.0740152568422037,1.2586542520945894,1.2586542520945894,1.2586542520945894,0.49936346250449504,1.0740152568422037,1.0740152568422037,1.0740152568422037,1.0740152568422037,1.0740152568422037,icmp_flood
-0.8692550469368361,-0.5498975067269439,0.7944993617872821,0.24658635162168366,0.0,0.8185768303652898,-0.4789233496743663,0.8185768303652896,-0.36049975318863686,0.9310854698099713,0.9310854698099713,1.4056164397720938,0.0,0.0,-0.8722819620571747,-0.9664324848493213,0.8670257823782943,-0.36049975318863686,0.0,0.7944993617872821,-0.1844766449844842,0.0,0.0,-3.469446951953614e-18,0.0,0.0,0.0,0.0,0.0,0.5498975067269439,-0.9310854698099713,-0.7944993617872822,-0.7944993617872822,-0.7944993617872822,0.49936346250449504,-0.9310854698099713,-0.9310854698099713,-0.9310854698099713,-0.9310854698099713,-0.9310854698099713,port_sweep
0.9959998233475708,-0.5498975067269439,0.7944993617872821,1.2292150942578886,0.0,0.8185768303652898,1.0577687052020557,0.8185768303652896,1.2657580258456025,-1.0740152568422034,-1.0740152568422034,-0.71143163362698,0.0,0.0,-0.8722819620571747,-0.9664324848493213,0.8670257823782943,1.2657580258456025,0.0,0.7944993617872821,1.7561212371493518,0.0,0.0,-3.469446951953614e-18,0.0,0.0,0.0,0.0,0.0,0.5498975067269439,1.0740152568422037,-0.7944993617872822,-0.7944993617872822,-0.7944993617872822,0.49936346250449504,1.0740152568422037,1.0740152568422037,1.0740152568422037,1.0740152568422037,1.0740152568422037,normal
-0.8692550469368361,-0.5498975067269439,0.7944993617872821,0.24658635162168366,0.0,0.8185768303652898,-0.4789233496743663,0.8185768303652896,-0.36049975318863686,0.9310854698099713,0.9310854698099713,1.4056164397720938,0.0,0.0,-0.8722819620571747,-0.9664324848493213,0.8670257823782943,-0.36049975318863686,0.0,0.7944993617872821,-0.7634058805826668,0.0,0.0,-3.469446951953614e-18,0.0,0.0,0.0,0.0,0.0,0.5498975067269439,-0.9310854698099713,-0.7944993617872822,-0.7944993617872822,-0.7944993617872822,0.49936346250449504,-0.9310854698099713,-0.9310854698099713,-0.9310854698099713,-0.9310854698099713,-0.9310854698099713,syn_scan
0.9959998233475708,-0.5498975067269439,-1.2586542520945894,-1.391128219438658,0.0,-1.221632427042615,-1.0786080540163847,-1.2216324270426153,-1.2533471612858662,-1.0740152568422034,-1.0740152568422034,-0.71143163362698,0.0,0.0,1.1471811032245511,1.1661595443085742,-1.1578672735905835,-1.2533471612858662,0.0,-1.2586542520945894,-0.6339085515672855,0.0,0.0,-3.469446951953614e-18,0.0,0.0,0.0,0.0,0.0,0.5498975067269439,1.0740152568422037,1.2586542520945894,1.2586542520945894,1.2586542520945894,0.49936346250449504,1.0740152568422037,1.0740152568422037,1.0740152568422037,1.0740152568422037,1.0740152568422037,udp_scan
-0.8692550469368361,-0.5498975067269439,0.7944993617872821,0.24658635162168366,0.0,0.8185768303652898,-0.4789233496743663,0.8185768303652896,-0.36049975318863686,0.9310854698099713,0.9310854698099713,1.4056164397720938,0.0,0.0,-0.8722819620571747,-0.9664324848493213,0.8670257823782943,-0.36049975318863686,0.0,0.7944993617872821,-0.8243458001193178,0.0,0.0,-3.469446951953614e-18,0.0,0.0,0.0,0.0,0.0,0.5498975067269439,-0.9310854698099713,-0.7944993617872822,-0.7944993617872822,-0.7944993617872822,0.49936346250449504,-0.9310854698099713,-0.9310854698099713,-0.9310854698099713,-0.9310854698099713,-0.9310854698099713,syn_scan
-0.8692550469368361,-0.5498975067269439,0.7944993617872821,0.24658635162168366,0.0,0.8185768303652898,-0.4789233496743663,0.8185768303652896,-0.36049975318863686,0.9310854698099713,0.9310854698099713,1.4056164397720938,0.0,0.0,-0.8722819620571747,-0.9664324848493213,0.8670257823782943,-0.36049975318863686,0.0,0.7944993617872821,-0.6872309811618539,0.0,0.0,-3.469446951953614e-18,0.0,0.0,0.0,0.0,0.0,0.5498975067269439,-0.9310854698099713,-0.7944993617872822,-0.7944993617872822,-0.7944993617872822,0.49936346250449504,-0.9310854698099713,-0.9310854698099713,-0.9310854698099713,-0.9310854698099713,-0.9310854698099713,syn_scan
0.9959998233475708,-0.5498975067269439,-1.2586542520945894,-0.8296260807893979,0.0,-1.221632427042615,-0.1790809975033571,-1.2216324270426153,0.2772483954522413,-1.0740152568422034,-1.0740152568422034,-0.71143163362698,0.0,0.0,1.1471811032245511,1.1661595443085742,-1.1578672735905835,0.2772483954522413,0.0,-1.2586542520945894,-0.6339085515672855,0.0,0.0,-3.469446951953614e-18,0.0,0.0,0.0,0.0,0.0,0.5498975067269439,1.0740152568422037,1.2586542520945894,1.2586542520945894,1.2586542520945894,0.49936346250449504,1.0740152568422037,1.0740152568422037,1.0740152568422037,1.0740152568422037,1.0740152568422037,icmp_flood
-0.8692550469368361,1.8185207020706828,0.7944993617872821,1.2292150942578886,0.0,0.8185768303652898,1.5450125274799458,0.8185768303652896,1.1559236224685627,0.9310854698099713,0.9310854698099713,-0.71143163362698,0.0,0.0,-0.8722819620571747,-0.9664324848493213,-1.1578672735905835,1.1559236224685618,0.0,0.7944993617872821,1.7561212371493518,0.0,0.0,-3.469446951953614e-18,0.0,0.0,0.0,0.0,0.0,-1.8185207020706826,-0.9310854698099713,-0.7944993617872822,-0.7944993617872822,-0.7944993617872822,-2.002549395553741,-0.9310854698099713,-0.9310854698099713,-0.9310854698099713,-0.9310854698099713,-0.9310854698099713,normal
-0.8692550469368361,-0.5498975067269439,0.7944993617872821,0.24658635162168366,0.0,0.8185768303652898,-0.4789233496743663,0.8185768303652896,-0.36049975318863686,0.9310854698099713,0.9310854698099713,1.4056164397720938,0.0,0.0,-0.8722819620571747,-0.9664324848493213,0.8670257823782943,-0.36049975318863686,0.0,0.7944993617872821,-0.7253184308722602,0.0,0.0,-3.469446951953614e-18,0.0,0.0,0.0,0.0,0.0,0.5498975067269439,-0.9310854698099713,-0.7944993617872822,-0.7944993617872822,-0.7944993617872822,0.49936346250449504,-0.9310854698099713,-0.9310854698099713,-0.9310854698099713,-0.9310854698099713,-0.9310854698099713,syn_scan
0.9959998233475708,-0.5498975067269439,-1.2586542520945894,-1.391128219438658,0.0,-1.221632427042615,-1.0786080540163847,-1.2216324270426153,-1.2533471612858662,-1.0740152568422034,-1.0740152568422034,-0.71143163362698,0.0,0.0,1.1471811032245511,1.1661595443085742,-1.1578672735905835,-1.2533471612858662,0.0,-1.2586542520945894,-0.6339085515672855,0.0,0.0,-3.469446951953614e-18,0.0,0.0,0.0,0.0,0.0,0.5498975067269439,1.0740152568422037,1.2586542520945894,1.2586542520945894,1.2586542520945894,0.49936346250449504,1.0740152568422037,1.0740152568422037,1.0740152568422037,1.0740152568422037,1.0740152568422037,udp_scan
0.9959998233475708,-0.5498975067269439,-1.2586542520945894,-0.31491578702757633,0.0,-1.221632427042615,0.6454854709669182,-1.2216324270426153,1.2657580258456025,-1.0740152568422034,-1.0740152568422034,-0.71143163362698,0.0,0.0,1.1471811032245511,1.1661595443085742,-1.1578672735905835,1.2657580258456025,0.0,-1.2586542520945894,-0.6339085515672855,0.0,0.0,-3.469446951953614e-18,0.0,0.0,0.0,0.0,0.0,0.5498975067269439,1.0740152568422037,1.2586542520945894,1.2586542520945894,1.2586542520945894,0.49936346250449504,1.0740152568422037,1.0740152568422037,1.0740152568422037,1.0740152568422037,1.0740152568422037,icmp_flood
-0.8692550469368361,-0.5498975067269439,0.7944993617872821,0.24658635162168366,0.0,0.8185768303652898,-0.4789233496743663,0.8185768303652896,-0.36049975318863686,0.9310854698099713,0.9310854698099713,1.4056164397720938,0.0,0.0,-0.8722819620571747,-0.9664324848493213,0.8670257823782943,-0.36049975318863686,0.0,0.7944993617872821,-0.595821101856879,0.0,0.0,-3.469446951953614e-18,0.0,0.0,0.0,0.0,0.0,0.5498975067269439,-0.9310854698099713,-0.7944993617872822,-0.7944993617872822,-0.7944993617872822,0.49936346250449504,-0.9310854698099713,-0.9310854698099713,-0.9310854698099713,-0.9310854698099713,-0.9310854698099713,syn_scan
0.9959998233475708,-0.5498975067269439,-1.2586542520945894,-1.391128219438658,0.0,-1.221632427042615,-1.0786080540163847,-1.2216324270426153,-1.2533471612858662,-1.0740152568422034,-1.0740152568422034,-0.71143163362698,0.0,0.0,1.1471811032245511,1.1661595443085742,-1.1578672735905835,-1.2533471612858662,0.0,-1.2586542520945894,-0.6339085515672855,0.0,0.0,-3.469446951953614e-18,0.0,0.0,0.0,0.0,0.0,0.5498975067269439,1.0740152568422037,1.2586542520945894,1.2586542520945894,1.2586542520945894,0.49936346250449504,1.0740152568422037,1.0740152568422037,1.0740152568422037,1.0740152568422037,1.0740152568422037,udp_scan
-0.8692550469368361,-0.5498975067269439,0.7944993617872821,0.24658635162168366,0.0,0.8185768303652898,-0.4789233496743663,0.8185768303652896,-0.36049975318863686,0.9310854698099713,0.9310854698099713,1.4056164397720938,0.0,0.0,-0.8722819620571747,-0.9664324848493213,0.8670257823782943,-0.36049975318863686,0.0,0.7944993617872821,-0.7557883906405874,0.0,0.0,-3.469446951953614e-18,0.0,0.0,0.0,0.0,0.0,0.5498975067269439,-0.9310854698099713,-0.7944993617872822,-0.7944993617872822,-0.7944993617872822,0.49936346250449504,-0.9310854698099713,-0.9310854698099713,-0.9310854698099713,-0.9310854698099713,-0.9310854698099713,syn_scan
-0.8692550469368361,1.8185207020706828,0.7944993617872821,1.2292150942578886,0.0,0.8185768303652898,1.5450125274799458,0.8185768303652896,1.2657580258456025,0.9310854698099713,0.9310854698099713,-0.71143163362698,0.0,0.0,-0.8722819620571747,-0.9664324848493213,0.8670257823782943,1.2657580258456025,0.0,0.7944993617872821,1.7561212371493518,0.0,0.0,-3.469446951953614e-18,0.0,0.0,0.0,0.0,0.0,-1.8185207020706826,-0.9310854698099713,-0.7944993617872822,-0.7944993617872822,-0.7944993617872822,-2.002549395553741,-0.9310854698099713,-0.9310854698099713,-0.9310854698099713,-0.9310854698099713,-0.9310854698099713,normal
0.9959998233475708,-0.5498975067269439,0.7944993617872821,1.2292150942578886,0.0,0.8185768303652898,0.9453278231379273,0.8185768303652896,1.2657580258456025,-1.0740152568422034,-1.0740152568422034,-0.71143163362698,0.0,0.0,-0.8722819620571747,-0.9664324848493213,0.8670257823782943,1.2657580258456025,0.0,0.7944993617872821,1.7561212371493518,0.0,0.0,-3.469446951953614e-18,0.0,0.0,0.0,0.0,0.0,0.5498975067269439,1.0740152568422037,-0.7944993617872822,-0.7944993617872822,-0.7944993617872822,0.49936346250449504,1.0740152568422037,1.0740152568422037,1.0740152568422037,1.0740152568422037,1.0740152568422037,normal
-0.8692550469368361,1.8185207020706828,0.7944993617872821,1.2292150942578886,0.0,0.8185768303652898,1.5450125274799458,0.8185768303652896,1.2186861386840135,0.9310854698099713,0.9310854698099713,-0.71143163362698,0.0,0.0,-0.8722819620571747,-0.9664324848493213,-1.1578672735905835,1.2186861386840135,0.0,0.7944993617872821,1.7561212371493518,0.0,0.0,-3.469446951953614e-18,0.0,0.0,0.0,0.0,0.0,-1.8185207020706826,-0.9310854698099713,-0.7944993617872822,-0.7944993617872822,-0.7944993617872822,-2.002549395553741,-0.9310854698099713,-0.9310854698099713,-0.9310854698099713,-0.9310854698099713,-0.9310854698099713,normal
0.9959998233475708,-0.5498975067269439,-1.2586542520945894,-1.391128219438658,0.0,-1.221632427042615,-1.0786080540163847,-1.2216324270426153,-1.2533471612858662,-1.0740152568422034,-1.0740152568422034,-0.71143163362698,0.0,0.0,1.1471811032245511,1.1661595443085742,-1.1578672735905835,-1.2533471612858662,0.0,-1.2586542520945894,-0.6339085515672855,0.0,0.0,-3.469446951953614e-18,0.0,0.0,0.0,0.0,0.0,0.5498975067269439,1.0740152568422037,1.2586542520945894,1.2586542520945894,1.2586542520945894,0.49936346250449504,1.0740152568422037,1.0740152568422037,1.0740152568422037,1.0740152568422037,1.0740152568422037,udp_scan
-0.8692550469368361,1.8185207020706828,0.7944993617872821,1.2292150942578886,0.0,0.8185768303652898,1.5450125274799458,0.8185768303652896,1.2657580258456025,0.9310854698099713,0.9310854698099713,-0.71143163362698,0.0,0.0,-0.8722819620571747,-0.9664324848493213,0.8670257823782943,1.2657580258456025,0.0,0.7944993617872821,1.7561212371493518,0.0,0.0,-3.469446951953614e-18,0.0,0.0,0.0,0.0,0.0,-1.8185207020706826,-0.9310854698099713,-0.7944993617872822,-0.7944993617872822,-0.7944993617872822,-2.002549395553741,-0.9310854698099713,-0.9310854698099713,-0.9310854698099713,-0.9310854698099713,-0.9310854698099713,normal
-0.8692550469368361,-0.5498975067269439,0.7944993617872821,0.24658635162168366,0.0,0.8185768303652898,-0.4789233496743663,0.8185768303652896,-0.36049975318863686,0.9310854698099713,0.9310854698099713,1.4056164397720938,0.0,0.0,-0.8722819620571747,-0.9664324848493213,0.8670257823782943,-0.36049975318863686,0.0,0.7944993617872821,-0.7253184308722602,0.0,0.0,-3.469446951953614e-18,0.0,0.0,0.0,0.0,0.0,0.5498975067269439,-0.9310854698099713,-0.7944993617872822,-0.7944993617872822,-0.7944993617872822,0.49936346250449504,-0.9310854698099713,-0.9310854698099713,-0.9310854698099713,-0.9310854698099713,-0.9310854698099713,syn_scan
0.9959998233475708,-0.5498975067269439,-1.2586542520945894,-0.31491578702757633,0.0,-1.221632427042615,0.6454854709669182,-1.2216324270426153,1.2657580258456025,-1.0740152568422034,-1.0740152568422034,-0.71143163362698,0.0,0.0,1.1471811032245511,1.1661595443085742,-1.1578672735905835,1.2657580258456025,0.0,-1.2586542520945894,-0.6339085515672855,0.0,0.0,-3.469446951953614e-18,0.0,0.0,0.0,0.0,0.0,0.5498975067269439,1.0740152568422037,1.2586542520945894,1.2586542520945894,1.2586542520945894,0.49936346250449504,1.0740152568422037,1.0740152568422037,1.0740152568422037,1.0740152568422037,1.0740152568422037,icmp_flood
0.9959998233475708,-0.5498975067269439,-1.2586542520945894,-1.391128219438658,0.0,-1.221632427042615,-1.0786080540163847,-1.2216324270426153,-1.2533471612858662,-1.0740152568422034,-1.0740152568422034,-0.71143163362698,0.0,0.0,1.1471811032245511,1.1661595443085742,-1.1578672735905835,-1.2533471612858662,0.0,-1.2586542520945894,-0.6339085515672855,0.0,0.0,-3.469446951953614e-18,0.0,0.0,0.0,0.0,0.0,0.5498975067269439,1.0740152568422037,1.2586542520945894,1.2586542520945894,1.2586542520945894,0.49936346250449504,1.0740152568422037,1.0740152568422037,1.0740152568422037,1.0740152568422037,1.0740152568422037,udp_scan
0.9959998233475708,-0.5498975067269439,0.7944993617872821,1.2292150942578886,0.0,0.8185768303652898,0.9453278231379273,0.8185768303652896,1.2657580258456025,-1.0740152568422034,-1.0740152568422034,-0.71143163362698,0.0,0.0,-0.8722819620571747,-0.9664324848493213,0.8670257823782943,1.2657580258456025,0.0,0.7944993617872821,1.7561212371493518,0.0,0.0,-3.469446951953614e-18,0.0,0.0,0.0,0.0,0.0,0.5498975067269439,1.0740152568422037,-0.7944993617872822,-0.7944993617872822,-0.7944993617872822,0.49936346250449504,1.0740152568422037,1.0740152568422037,1.0740152568422037,1.0740152568422037,1.0740152568422037,normal
-0.8692550469368361,1.8185207020706828,0.7944993617872821,1.2292150942578886,0.0,0.8185768303652898,1.5450125274799458,0.8185768303652896,1.1758935139916606,0.9310854698099713,0.9310854698099713,-0.71143163362698,0.0,0.0,-0.8722819620571747,-0.9664324848493213,-1.1578672735905835,1.1758935139916606,0.0,0.7944993617872821,1.7561212371493518,0.0,0.0,-3.469446951953614e-18,0.0,0.0,0.0,0.0,0.0,-1.8185207020706826,-0.9310854698099713,-0.7944993617872822,-0.7944993617872822,-0.7944993617872822,-2.002549395553741,-0.9310854698099713,-0.9310854698099713,-0.9310854698099713,-0.9310854698099713,-0.9310854698099713,normal
0.9959998233475708,-0.5498975067269439,-1.2586542520945894,-0.31491578702757633,0.0,-1.221632427042615,0.6454854709669182,-1.2216324270426153,1.2657580258456025,-1.0740152568422034,-1.0740152568422034,-0.71143163362698,0.0,0.0,1.1471811032245511,1.1661595443085742,-1.1578672735905835,1.2657580258456025,0.0,-1.2586542520945894,-0.6339085515672855,0.0,0.0,-3.469446951953614e-18,0.0,0.0,0.0,0.0,0.0,0.5498975067269439,1.0740152568422037,1.2586542520945894,1.2586542520945894,1.2586542520945894,0.49936346250449504,1.0740152568422037,1.0740152568422037,1.0740152568422037,1.0740152568422037,1.0740152568422037,icmp_flood
0.9959998233475708,-0.5498975067269439,-1.2586542520945894,-1.391128219438658,0.0,-1.221632427042615,-1.0786080540163847,-1.2216324270426153,-1.2533471612858662,-1.0740152568422034,-1.0740152568422034,-0.71143163362698,0.0,0.0,1.1471811032245511,1.1661595443085742,-1.1578672735905835,-1.2533471612858662,0.0,-1.2586542520945894,-0.6339085515672855,0.0,0.0,-3.469446951953614e-18,0.0,0.0,0.0,0.0,0.0,0.5498975067269439,1.0740152568422037,1.2586542520945894,1.2586542520945894,1.2586542520945894,0.49936346250449504,1.0740152568422037,1.0740152568422037,1.0740152568422037,1.0740152568422037,1.0740152568422037,udp_scan
-0.8692550469368361,1.8185207020706828,0.7944993617872821,1.2292150942578886,0.0,0.8185768303652898,1.5450125274799458,0.8185768303652896,1.2657580258456025,0.9310854698099713,0.9310854698099713,-0.71143163362698,0.0,0.0,-0.8722819620571747,-0.9664324848493213,0.8670257823782943,1.2657580258456025,0.0,0.7944993617872821,1.7561212371493518,0.0,0.0,-3.469446951953614e-18,0.0,0.0,0.0,0.0,0.0,-1.8185207020706826,-0.9310854698099713,-0.7944993617872822,-0.7944993617872822,-0.7944993617872822,-2.002549395553741,-0.9310854698099713,-0.9310854698099713,-0.9310854698099713,-0.9310854698099713,-0.9310854698099713,normal
0.9959998233475708,-0.5498975067269439,-1.2586542520945894,-1.391128219438658,0.0,-1.221632427042615,-1.0786080540163847,-1.2216324270426153,-1.2533471612858662,-1.0740152568422034,-1.0740152568422034,-0.71143163362698,0.0,0.0,1.1471811032245511,1.1661595443085742,-1.1578672735905835,-1.2533471612858662,0.0,-1.2586542520945894,-0.6339085515672855,0.0,0.0,-3.469446951953614e-18,0.0,0.0,0.0,0.0,0.0,0.5498975067269439,1.0740152568422037,1.2586542520945894,1.2586542520945894,1.2586542520945894,0.49936346250449504,1.0740152568422037,1.0740152568422037,1.0740152568422037,1.0740152568422037,1.0740152568422037,udp_scan
-0.8692550469368361,-0.5498975067269439,0.7944993617872821,0.24658635162168366,0.0,0.8185768303652898,-0.4789233496743663,0.8185768303652896,-0.36049975318863686,0.9310854698099713,0.9310854698099713,1.4056164397720938,0.0,0.0,-0.8722819620571747,-0.9664324848493213,0.8670257823782943,-0.36049975318863686,0.0,0.7944993617872821,-0.4967937326098184,0.0,0.0,-3.469446951953614e-18,0.0,0.0,0.0,0.0,0.0,0.5498975067269439,-0.9310854698099713,-0.7944993617872822,-0.7944993617872822,-0.7944993617872822,0.49936346250449504,-0.9310854698099713,-0.9310854698099713,-0.9310854698099713,-0.9310854698099713,-0.9310854698099713,syn_scan
0.9959998233475708,-0.5498975067269439,-1.2586542520945894,-1.391128219438658,0.0,-1.221632427042615,-1.0786080540163847,-1.2216324270426153,-1.2533471612858662,-1.0740152568422034,-1.0740152568422034,-0.71143163362698,0.0,0.0,1.1471811032245511,1.1661595443085742,-1.1578672735905835,-1.2533471612858662,0.0,-1.2586542520945894,-0.6339085515672855,0.0,0.0,-3.469446951953614e-18,0.0,0.0,0.0,0.0,0.0,0.5498975067269439,1.0740152568422037,1.2586542520945894,1.2586542520945894,1.2586542520945894,0.49936346250449504,1.0740152568422037,1.0740152568422037,1.0740152568422037,1.0740152568422037,1.0740152568422037,udp_scan
-0.8692550469368361,1.8185207020706828,0.7944993617872821,0.24658635162168366,0.0,0.8185768303652898,-0.4789233496743663,0.8185768303652896,-0.36049975318863686,0.9310854698099713,0.9310854698099713,1.4056164397720938,0.0,0.0,-0.8722819620571747,-0.9664324848493213,0.8670257823782943,-0.36049975318863686,0.0,0.7944993617872821,1.7561212371493518,0.0,0.0,-3.469446951953614e-18,0.0,0.0,0.0,0.0,0.0,-1.8185207020706826,-0.9310854698099713,-0.7944993617872822,-0.7944993617872822,-0.7944993617872822,0.49936346250449504,-0.9310854698099713,-0.9310854698099713,-0.9310854698099713,-0.9310854698099713,-0.9310854698099713,port_sweep
-0.8692550469368361,-0.5498975067269439,0.7944993617872821,0.24658635162168366,0.0,0.8185768303652898,-0.4789233496743663,0.8185768303652896,-0.36049975318863686,0.9310854698099713,0.9310854698099713,1.4056164397720938,0.0,0.0,-0.8722819620571747,-0.9664324848493213,0.8670257823782943,-0.36049975318863686,0.0,0.7944993617872821,-0.7557883906405874,0.0,0.0,-3.469446951953614e-18,0.0,0.0,0.0,0.0,0.0,0.5498975067269439,-0.9310854698099713,-0.7944993617872822,-0.7944993617872822,-0.7944993617872822,0.49936346250449504,-0.9310854698099713,-0.9310854698099713,-0.9310854698099713,-0.9310854698099713,-0.9310854698099713,syn_scan
-0.8692550469368361,-0.5498975067269439,0.7944993617872821,0.24658635162168366,0.0,0.8185768303652898,-0.4789233496743663,0.8185768303652896,-0.36049975318863686,0.9310854698099713,0.9310854698099713,1.4056164397720938,0.0,0.0,-0.8722819620571747,-0.9664324848493213,0.8670257823782943,-0.36049975318863686,0.0,0.7944993617872821,-0.4053838533048435,0.0,0.0,-3.469446951953614e-18,0.0,0.0,0.0,0.0,0.0,0.5498975067269439,-0.9310854698099713,-0.7944993617872822,-0.7944993617872822,-0.7944993617872822,0.49936346250449504,-0.9310854698099713,-0.9310854698099713,-0.9310854698099713,-0.9310854698099713,-0.9310854698099713,syn_scan
-0.8692550469368361,-0.5498975067269439,0.7944993617872821,0.24658635162168366,0.0,0.8185768303652898,-0.4789233496743663,0.8185768303652896,-0.36049975318863686,0.9310854698099713,0.9310854698099713,1.4056164397720938,0.0,0.0,-0.8722819620571747,-0.9664324848493213,0.8670257823782943,-0.36049975318863686,0.0,0.7944993617872821,-0.6948484711039364,0.0,0.0,-3.469446951953614e-18,0.0,0.0,0.0,0.0,0.0,0.5498975067269439,-0.9310854698099713,-0.7944993617872822,-0.7944993617872822,-0.7944993617872822,0.49936346250449504,-0.9310854698099713,-0.9310854698099713,-0.9310854698099713,-0.9310854698099713,-0.9310854698099713,syn_scan
-0.8692550469368361,-0.5498975067269439,0.7944993617872821,0.24658635162168366,0.0,0.8185768303652898,-0.4789233496743663,0.8185768303652896,-0.36049975318863686,0.9310854698099713,0.9310854698099713,1.4056164397720938,0.0,0.0,-0.8722819620571747,-0.9664324848493213,0.8670257823782943,-0.36049975318863686,0.0,0.7944993617872821,1.7561212371493518,0.0,0.0,-3.469446951953614e-18,0.0,0.0,0.0,0.0,0.0,0.5498975067269439,-0.9310854698099713,-0.7944993617872822,-0.7944993617872822,-0.7944993617872822,0.49936346250449504,-0.9310854698099713,-0.9310854698099713,-0.9310854698099713,-0.9310854698099713,-0.9310854698099713,port_sweep
-0.8692550469368361,1.8185207020706828,0.7944993617872821,1.2292150942578886,0.0,0.8185768303652898,1.5450125274799458,0.8185768303652896,1.2657580258456025,0.9310854698099713,0.9310854698099713,-0.71143163362698,0.0,0.0,-0.8722819620571747,-0.9664324848493213,0.8670257823782943,1.2657580258456025,0.0,0.7944993617872821,1.7561212371493518,0.0,0.0,-3.469446951953614e-18,0.0,0.0,0.0,0.0,0.0,-1.8185207020706826,-0.9310854698099713,-0.7944993617872822,-0.7944993617872822,-0.7944993617872822,-2.002549395553741,-0.9310854698099713,-0.9310854698099713,-0.9310854698099713,-0.9310854698099713,-0.9310854698099713,normal
-0.8692550469368361,1.8185207020706828,0.7944993617872821,1.2292150942578886,0.0,0.8185768303652898,1.5450125274799458,0.8185768303652896,1.2657580258456025,0.9310854698099713,0.9310854698099713,-0.71143163362698,0.0,0.0,-0.8698889245641175,-0.11339567318616328,0.8670257823782943,1.2657580258456025,0.0,0.7944993617872821,1.7561212371493518,0.0,0.0,-3.469446951953614e-18,0.0,0.0,0.0,0.0,0.0,-1.8185207020706826,-0.9310854698099713,-0.7944993617872822,-0.7944993617872822,-0.7944993617872822,-2.002549395553741,-0.9310854698099713,-0.9310854698099713,-0.9310854698099713,-0.9310854698099713,-0.9310854698099713,normal
-0.8692550469368361,1.8185207020706828,0.7944993617872821,1.2292150942578886,0.0,0.8185768303652898,1.5450125274799458,0.8185768303652896,1.2657580258456025,0.9310854698099713,0.9310854698099713,-0.71143163362698,0.0,0.0,-0.8698889245641175,-0.11339567318616328,0.8670257823782943,1.2657580258456025,0.0,0.7944993617872821,1.7561212371493518,0.0,0.0,-3.469446951953614e-18,0.0,0.0,0.0,0.0,0.0,-1.8185207020706826,-0.9310854698099713,-0.7944993617872822,-0.7944993617872822,-0.7944993617872822,-2.002549395553741,-0.9310854698099713,-0.9310854698099713,-0.9310854698099713,-0.9310854698099713,-0.9310854698099713,normal
-0.8692550469368361,1.8185207020706828,0.7944993617872821,0.24658635162168366,0.0,0.8185768303652898,-0.4789233496743663,0.8185768303652896,-0.36049975318863686,0.9310854698099713,0.9310854698099713,1.4056164397720938,0.0,0.0,-0.8722819620571747,-0.9664324848493213,0.8670257823782943,-0.36049975318863686,0.0,0.7944993617872821,-0.5272636923781454,0.0,0.0,-3.469446951953614e-18,0.0,0.0,0.0,0.0,0.0,-1.8185207020706826,-0.9310854698099713,-0.7944993617872822,-0.7944993617872822,-0.7944993617872822,0.49936346250449504,-0.9310854698099713,-0.9310854698099713,-0.9310854698099713,-0.9310854698099713,-0.9310854698099713,syn_scan
-0.8692550469368361,1.8185207020706828,0.7944993617872821,1.2292150942578886,0.0,0.8185768303652898,1.5450125274799458,0.8185768303652896,1.2657580258456025,0.9310854698099713,0.9310854698099713,-0.71143163362698,0.0,0.0,1.1471811032245511,-0.49992797847103165,0.8670257823782943,1.2657580258456025,0.0,0.7944993617872821,-0.2244684671804113,0.0,0.0,-3.469446951953614e-18,0.0,0.0,0.0,0.0,0.0,-1.8185207020706826,-0.9310854698099713,-0.7944993617872822,-0.7944993617872822,-0.7944993617872822,-2.002549395553741,-0.9310854698099713,-0.9310854698099713,-0.9310854698099713,-0.9310854698099713,-0.9310854698099713,normal
-1.7170981697933847,1.8185207020706828,0.7944993617872821,1.2292150942578886,0.0,0.8185768303652898,1.5450125274799458,0.8185768303652896,-1.2533471612858662,-1.0740152568422034,-1.0740152568422034,-0.71143163362698,0.0,0.0,-0.8722819620571747,-0.9664324848493213,0.8670257823782943,-1.2533471612858662,0.0,0.7944993617872821,-0.8243458001193178,0.0,0.0,-3.469446951953614e-18,0.0,0.0,0.0,0.0,0.0,-1.8185207020706826,1.0740152568422037,-0.7944993617872822,-0.7944993617872822,-0.7944993617872822,0.49936346250449504,1.0740152568422037,1.0740152568422037,1.0740152568422037,1.0740152568422037,1.0740152568422037,icmp_flood
-0.8692550469368361,1.8185207020706828,0.7944993617872821,1.2292150942578886,0.0,0.8185768303652898,1.5450125274799458,0.8185768303652896,1.2657580258456025,0.9310854698099713,0.9310854698099713,-0.71143163362698,0.0,0.0,-0.8722819620571747,-0.9664324848493213,0.8670257823782943,1.2657580258456025,0.0,0.7944993617872821,0.02999801627367485,0.0,0.0,-3.469446951953614e-18,0.0,0.0,0.0,0.0,0.0,-1.8185207020706826,-0.9310854698099713,-0.7944993617872822,-0.7944993617872822,-0.7944993617872822,-2.002549395553741,-0.9310854698099713,-0.9310854698099713,-0.9310854698099713,-0.9310854698099713,-0.9310854698099713,normal
0.9959998233475708,-0.5498975067269439,-1.2586542520945894,-1.391128219438658,0.0,-1.221632427042615,-1.0786080540163847,-1.2216324270426153,-1.2533471612858662,-1.0740152568422034,-1.0740152568422034,-0.71143163362698,0.0,0.0,1.1471811032245511,1.1661595443085742,-1.1578672735905835,-1.2533471612858662,0.0,-1.2586542520945894,-0.6339085515672855,0.0,0.0,-3.469446951953614e-18,0.0,0.0,0.0,0.0,0.0,0.5498975067269439,1.0740152568422037,1.2586542520945894,1.2586542520945894,1.2586542520945894,0.49936346250449504,1.0740152568422037,1.0740152568422037,1.0740152568422037,1.0740152568422037,1.0740152568422037,udp_scan
-0.8692550469368361,1.8185207020706828,0.7944993617872821,1.2292150942578886,0.0,0.8185768303652898,1.5450125274799458,0.8185768303652896,1.2657580258456025,0.9310854698099713,0.9310854698099713,-0.71143163362698,0.0,0.0,1.1471811032245511,0.8678949248459312,0.8670257823782943,1.2657580258456025,0.0,0.7944993617872821,-0.3158314407591418,0.0,0.0,-3.469446951953614e-18,0.0,0.0,0.0,0.0,0.0,-1.8185207020706826,-0.9310854698099713,-0.7944993617872822,-0.7944993617872822,-0.7944993617872822,-2.002549395553741,-0.9310854698099713,-0.9310854698099713,-0.9310854698099713,-0.9310854698099713,-0.9310854698099713,normal
-0.8692550469368361,1.8185207020706828,0.7944993617872821,0.24658635162168366,0.0,0.8185768303652898,-0.4789233496743663,0.8185768303652896,-0.36049975318863686,0.9310854698099713,0.9310854698099713,1.4056164397720938,0.0,0.0,-0.8722819620571747,-0.9664324848493213,0.8670257823782943,-0.36049975318863686,0.0,0.7944993617872821,-0.6262910616252029,0.0,0.0,-3.469446951953614e-18,0.0,0.0,0.0,0.0,0.0,-1.8185207020706826,-0.9310854698099713,-0.7944993617872822,-0.7944993617872822,-0.7944993617872822,0.49936346250449504,-0.9310854698099713,-0.9310854698099713,-0.9310854698099713,-0.9310854698099713,-0.9310854698099713,syn_scan
0.9959998233475708,-0.5498975067269439,0.7944993617872821,1.2292150942578886,0.0,0.8185768303652898,0.9453278231379273,0.8185768303652896,1.2657580258456025,-1.0740152568422034,-1.0740152568422034,-0.71143163362698,0.0,0.0,-0.8722819620571747,-0.9664324848493213,0.8670257823782943,1.2657580258456025,0.0,0.7944993617872821,1.7561212371493518,0.0,0.0,-3.469446951953614e-18,0.0,0.0,0.0,0.0,0.0,0.5498975067269439,1.0740152568422037,-0.7944993617872822,-0.7944993617872822,-0.7944993617872822,0.49936346250449504,1.0740152568422037,1.0740152568422037,1.0740152568422037,1.0740152568422037,1.0740152568422037,normal
-0.8692550469368361,-0.5498975067269439,0.7944993617872821,0.24658635162168366,0.0,0.8185768303652898,-0.4789233496743663,0.8185768303652896,-0.36049975318863686,0.9310854698099713,0.9310854698099713,1.4056164397720938,0.0,0.0,-0.8722819620571747,-0.9664324848493213,0.8670257823782943,-0.36049975318863686,0.0,0.7944993617872821,-0.504411222551901,0.0,0.0,-3.469446951953614e-18,0.0,0.0,0.0,0.0,0.0,0.5498975067269439,-0.9310854698099713,-0.7944993617872822,-0.7944993617872822,-0.7944993617872822,0.49936346250449504,-0.9310854698099713,-0.9310854698099713,-0.9310854698099713,-0.9310854698099713,-0.9310854698099713,syn_scan
-0.8692550469368361,1.8185207020706828,0.7944993617872821,1.2292150942578886,0.0,0.8185768303652898,1.5450125274799458,0.8185768303652896,1.2657580258456025,0.9310854698099713,0.9310854698099713,-0.71143163362698,0.0,0.0,-0.8722819620571747,-0.11339567318616328,0.8670257823782943,1.2657580258456025,0.0,0.7944993617872821,1.4609011825050915,0.0,0.0,-3.469446951953614e-18,0.0,0.0,0.0,0.0,0.0,-1.8185207020706826,-0.9310854698099713,-0.7944993617872822,-0.7944993617872822,-0.7944993617872822,-2.002549395553741,-0.9310854698099713,-0.9310854698099713,-0.9310854698099713,-0.9310854698099713,-0.9310854698099713,normal
-0.8692550469368361,1.8185207020706828,0.7944993617872821,1.2292150942578886,0.0,0.8185768303652898,1.5450125274799458,0.8185768303652896,1.2657580258456025,0.9310854698099713,0.9310854698099713,-0.71143163362698,0.0,0.0,-0.8699796323946606,-0.11339567318616328,0.8670257823782943,1.2657580258456025,0.0,0.7944993617872821,1.7561212371493518,0.0,0.0,-3.469446951953614e-18,0.0,0.0,0.0,0.0,0.0,-1.8185207020706826,-0.9310854698099713,-0.7944993617872822,-0.7944993617872822,-0.7944993617872822,-2.002549395553741,-0.9310854698099713,-0.9310854698099713,-0.9310854698099713,-0.9310854698099713,-0.9310854698099713,normal
-0.8692550469368361,-0.5498975067269439,0.7944993617872821,0.24658635162168366,0.0,0.8185768303652898,-0.4789233496743663,0.8185768303652896,-0.36049975318863686,0.9310854698099713,0.9310854698099713,1.4056164397720938,0.0,0.0,-0.8722819620571747,-0.9664324848493213,0.8670257823782943,-0.36049975318863686,0.0,0.7944993617872821,-0.7938758403509938,0.0,0.0,-3.469446951953614e-18,0.0,0.0,0.0,0.0,0.0,0.5498975067269439,-0.9310854698099713,-0.7944993617872822,-0.7944993617872822,-0.7944993617872822,0.49936346250449504,-0.9310854698099713,-0.9310854698099713,-0.9310854698099713,-0.9310854698099713,-0.9310854698099713,syn_scan
-0.8692550469368361,-0.5498975067269439,0.7944993617872821,0.24658635162168366,0.0,0.8185768303652898,-0.4789233496743663,0.8185768303652896,-0.36049975318863686,0.9310854698099713,0.9310854698099713,1.4056164397720938,0.0,0.0,-0.8722819620571747,-0.9664324848493213,0.8670257823782943,-0.36049975318863686,0.0,0.7944993617872821,-0.7938758403509938,0.0,0.0,-3.469446951953614e-18,0.0,0.0,0.0,0.0,0.0,0.5498975067269439,-0.9310854698099713,-0.7944993617872822,-0.7944993617872822,-0.7944993617872822,0.49936346250449504,-0.9310854698099713,-0.9310854698099713,-0.9310854698099713,-0.9310854698099713,-0.9310854698099713,syn_scan
-0.8692550469368361,1.8185207020706828,0.7944993617872821,1.2292150942578886,0.0,0.8185768303652898,1.5450125274799458,0.8185768303652896,1.2657580258456025,0.9310854698099713,0.9310854698099713,-0.71143163362698,0.0,0.0,-0.8698889245641175,-0.11339567318616328,0.8670257823782943,1.2657580258456025,0.0,0.7944993617872821,1.7561212371493518,0.0,0.0,-3.469446951953614e-18,0.0,0.0,0.0,0.0,0.0,-1.8185207020706826,-0.9310854698099713,-0.7944993617872822,-0.7944993617872822,-0.7944993617872822,-2.002549395553741,-0.9310854698099713,-0.9310854698099713,-0.9310854698099713,-0.9310854698099713,-0.9310854698099713,normal
0.9959998233475708,-0.5498975067269439,-1.2586542520945894,-1.391128219438658,0.0,-1.221632427042615,-1.0786080540163847,-1.2216324270426153,-1.2533471612858662,-1.0740152568422034,-1.0740152568422034,-0.71143163362698,0.0,0.0,1.1471811032245511,1.1661595443085742,-1.1578672735905835,-1.2533471612858662,0.0,-1.2586542520945894,-0.6339085515672855,0.0,0.0,-3.469446951953614e-18,0.0,0.0,0.0,0.0,0.0,0.5498975067269439,1.0740152568422037,1.2586542520945894,1.2586542520945894,1.2586542520945894,0.49936346250449504,1.0740152568422037,1.0740152568422037,1.0740152568422037,1.0740152568422037,1.0740152568422037,udp_scan
0.9959998233475708,1.8185207020706828,0.7944993617872821,1.2292150942578886,0.0,0.8185768303652898,1.0202884111806796,0.8185768303652896,1.2657580258456025,-1.0740152568422034,-1.0740152568422034,-0.71143163362698,0.0,0.0,-0.8722819620571747,-0.9664324848493213,0.8670257823782943,1.2657580258456025,0.0,0.7944993617872821,1.7561212371493518,0.0,0.0,-3.469446951953614e-18,0.0,0.0,0.0,0.0,0.0,-1.8185207020706826,1.0740152568422037,-0.7944993617872822,-0.7944993617872822,-0.7944993617872822,0.49936346250449504,1.0740152568422037,1.0740152568422037,1.0740152568422037,1.0740152568422037,1.0740152568422037,normal
0.9959998233475708,-0.5498975067269439,0.7944993617872821,1.2292150942578886,0.0,0.8185768303652898,1.0577687052020557,0.8185768303652896,1.2657580258456025,-1.0740152568422034,-1.0740152568422034,-0.71143163362698,0.0,0.0,-0.8722819620571747,-0.9664324848493213,0.8670257823782943,1.2657580258456025,0.0,0.7944993617872821,1.7561212371493518,0.0,0.0,-3.469446951953614e-18,0.0,0.0,0.0,0.0,0.0,0.5498975067269439,1.0740152568422037,-0.7944993617872822,-0.7944993617872822,-0.7944993617872822,0.49936346250449504,1.0740152568422037,1.0740152568422037,1.0740152568422037,1.0740152568422037,1.0740152568422037,normal
-0.8692550469368361,-0.5498975067269439,0.7944993617872821,0.24658635162168366,0.0,0.8185768303652898,-0.4789233496743663,0.8185768303652896,-0.36049975318863686,0.9310854698099713,0.9310854698099713,1.4056164397720938,0.0,0.0,-0.8722819620571747,-0.9664324848493213,0.8670257823782943,-0.36049975318863686,0.0,0.7944993617872821,-0.8243458001193178,0.0,0.0,-3.469446951953614e-18,0.0,0.0,0.0,0.0,0.0,0.5498975067269439,-0.9310854698099713,-0.7944993617872822,-0.7944993617872822,-0.7944993617872822,0.49936346250449504,-0.9310854698099713,-0.9310854698099713,-0.9310854698099713,-0.9310854698099713,-0.9310854698099713,port_sweep
-0.8692550469368361,-0.5498975067269439,0.7944993617872821,0.24658635162168366,0.0,0.8185768303652898,-0.4789233496743663,0.8185768303652896,-0.36049975318863686,0.9310854698099713,0.9310854698099713,1.4056164397720938,0.0,0.0,-0.8722819620571747,-0.9664324848493213,0.8670257823782943,-0.36049975318863686,0.0,0.7944993617872821,-0.534881182320228,0.0,0.0,-3.469446951953614e-18,0.0,0.0,0.0,0.0,0.0,0.5498975067269439,-0.9310854698099713,-0.7944993617872822,-0.7944993617872822,-0.7944993617872822,0.49936346250449504,-0.9310854698099713,-0.9310854698099713,-0.9310854698099713,-0.9310854698099713,-0.9310854698099713,syn_scan
0.9959998233475708,-0.5498975067269439,-1.2586542520945894,-1.391128219438658,0.0,-1.221632427042615,-1.0786080540163847,-1.2216324270426153,-1.2533471612858662,-1.0740152568422034,-1.0740152568422034,-0.71143163362698,0.0,0.0,1.1471811032245511,1.1661595443085742,-1.1578672735905835,-1.2533471612858662,0.0,-1.2586542520945894,-0.6339085515672855,0.0,0.0,-3.469446951953614e-18,0.0,0.0,0.0,0.0,0.0,0.5498975067269439,1.0740152568422037,1.2586542520945894,1.2586542520945894,1.2586542520945894,0.49936346250449504,1.0740152568422037,1.0740152568422037,1.0740152568422037,1.0740152568422037,1.0740152568422037,udp_scan
0.9959998233475708,-0.5498975067269439,-1.2586542520945894,-1.391128219438658,0.0,-1.221632427042615,-1.0786080540163847,-1.2216324270426153,-1.2533471612858662,-1.0740152568422034,-1.0740152568422034,-0.71143163362698,0.0,0.0,1.1471811032245511,1.1661595443085742,-1.1578672735905835,-1.2533471612858662,0.0,-1.2586542520945894,-0.6339085515672855,0.0,0.0,-3.469446951953614e-18,0.0,0.0,0.0,0.0,0.0,0.5498975067269439,1.0740152568422037,1.2586542520945894,1.2586542520945894,1.2586542520945894,0.49936346250449504,1.0740152568422037,1.0740152568422037,1.0740152568422037,1.0740152568422037,1.0740152568422037,udp_scan
0.9959998233475708,-0.5498975067269439,-1.2586542520945894,-1.391128219438658,0.0,-1.221632427042615,-1.0786080540163847,-1.2216324270426153,-1.2533471612858662,-1.0740152568422034,-1.0740152568422034,-0.71143163362698,0.0,0.0,1.1471811032245511,1.1661595443085742,-1.1578672735905835,-1.2533471612858662,0.0,-1.2586542520945894,-0.6339085515672855,0.0,0.0,-3.469446951953614e-18,0.0,0.0,0.0,0.0,0.0,0.5498975067269439,1.0740152568422037,1.2586542520945894,1.2586542520945894,1.2586542520945894,0.49936346250449504,1.0740152568422037,1.0740152568422037,1.0740152568422037,1.0740152568422037,1.0740152568422037,udp_scan
0.9959998233475708,-0.5498975067269439,-1.2586542520945894,-1.391128219438658,0.0,-1.221632427042615,-1.0786080540163847,-1.2216324270426153,-1.2533471612858662,-1.0740152568422034,-1.0740152568422034,-0.71143163362698,0.0,0.0,1.1471811032245511,1.1661595443085742,-1.1578672735905835,-1.2533471612858662,0.0,-1.2586542520945894,-0.6339085515672855,0.0,0.0,-3.469446951953614e-18,0.0,0.0,0.0,0.0,0.0,0.5498975067269439,1.0740152568422037,1.2586542520945894,1.2586542520945894,1.2586542520945894,0.49936346250449504,1.0740152568422037,1.0740152568422037,1.0740152568422037,1.0740152568422037,1.0740152568422037,udp_scan
0.9959998233475708,-0.5498975067269439,-1.2586542520945894,-1.391128219438658,0.0,-1.221632427042615,-1.0786080540163847,-1.2216324270426153,-1.2533471612858662,-1.0740152568422034,-1.0740152568422034,-0.71143163362698,0.0,0.0,1.1471811032245511,1.1661595443085742,-1.1578672735905835,-1.2533471612858662,0.0,-1.2586542520945894,-0.6339085515672855,0.0,0.0,-3.469446951953614e-18,0.0,0.0,0.0,0.0,0.0,0.5498975067269439,1.0740152568422037,1.2586542520945894,1.2586542520945894,1.2586542520945894,0.49936346250449504,1.0740152568422037,1.0740152568422037,1.0740152568422037,1.0740152568422037,1.0740152568422037,udp_scan
0.9959998233475708,-0.5498975067269439,-1.2586542520945894,-1.391128219438658,0.0,-1.221632427042615,-1.0786080540163847,-1.2216324270426153,-1.2533471612858662,-1.0740152568422034,-1.0740152568422034,-0.71143163362698,0.0,0.0,1.1471811032245511,1.1661595443085742,-1.1578672735905835,-1.2533471612858662,0.0,-1.2586542520945894,-0.6339085515672855,0.0,0.0,-3.469446951953614e-18,0.0,0.0,0.0,0.0,0.0,0.5498975067269439,1.0740152568422037,1.2586542520945894,1.2586542520945894,1.2586542520945894,0.49936346250449504,1.0740152568422037,1.0740152568422037,1.0740152568422037,1.0740152568422037,1.0740152568422037,udp_scan
0.9959998233475708,-0.5498975067269439,0.7944993617872821,1.2292150942578886,0.0,0.8185768303652898,1.0577687052020557,0.8185768303652896,1.2657580258456025,-1.0740152568422034,-1.0740152568422034,-0.71143163362698,0.0,0.0,-0.8722819620571747,-0.9664324848493213,0.8670257823782943,1.2657580258456025,0.0,0.7944993617872821,1.7561212371493518,0.0,0.0,-3.469446951953614e-18,0.0,0.0,0.0,0.0,0.0,0.5498975067269439,1.0740152568422037,-0.7944993617872822,-0.7944993617872822,-0.7944993617872822,0.49936346250449504,1.0740152568422037,1.0740152568422037,1.0740152568422037,1.0740152568422037,1.0740152568422037,normal
-0.8692550469368361,-0.5498975067269439,0.7944993617872821,0.24658635162168366,0.0,0.8185768303652898,-0.4789233496743663,0.8185768303652896,-0.36049975318863686,0.9310854698099713,0.9310854698099713,1.4056164397720938,0.0,0.0,-0.8722819620571747,-0.9664324848493213,0.8670257823782943,-0.36049975318863686,0.0,0.7944993617872821,0.1963978521195834,0.0,0.0,-3.469446951953614e-18,0.0,0.0,0.0,0.0,0.0,0.5498975067269439,-0.9310854698099713,-0.7944993617872822,-0.7944993617872822,-0.7944993617872822,0.49936346250449504,-0.9310854698099713,-0.9310854698099713,-0.9310854698099713,-0.9310854698099713,-0.9310854698099713,syn_scan
-0.8692550469368361,-0.5498975067269439,0.7944993617872821,0.24658635162168366,0.0,0.8185768303652898,-0.4789233496743663,0.8185768303652896,-0.36049975318863686,0.9310854698099713,0.9310854698099713,1.4056164397720938,0.0,0.0,-0.8722819620571747,-0.9664324848493213,0.8670257823782943,-0.36049975318863686,0.0,0.7944993617872821,0.805797047486093,0.0,0.0,-3.469446951953614e-18,0.0,0.0,0.0,0.0,0.0,0.5498975067269439,-0.9310854698099713,-0.7944993617872822,-0.7944993617872822,-0.7944993617872822,0.49936346250449504,-0.9310854698099713,-0.9310854698099713,-0.9310854698099713,-0.9310854698099713,-0.9310854698099713,port_sweep
0.9959998233475708,-0.5498975067269439,-1.2586542520945894,-1.391128219438658,0.0,-1.221632427042615,-1.0786080540163847,-1.2216324270426153,-1.2533471612858662,-1.0740152568422034,-1.0740152568422034,-0.71143163362698,0.0,0.0,1.1471811032245511,1.1661595443085742,-1.1578672735905835,-1.2533471612858662,0.0,-1.2586542520945894,-0.6339085515672855,0.0,0.0,-3.469446951953614e-18,0.0,0.0,0.0,0.0,0.0,0.5498975067269439,1.0740152568422037,1.2586542520945894,1.2586542520945894,1.2586542520945894,0.49936346250449504,1.0740152568422037,1.0740152568422037,1.0740152568422037,1.0740152568422037,1.0740152568422037,udp_scan
0.9959998233475708,1.8185207020706828,0.7944993617872821,1.2292150942578886,0.0,-1.221632427042615,1.5450125274799458,-1.2216324270426153,1.2657580258456025,-1.0740152568422034,-1.0740152568422034,-0.71143163362698,0.0,0.0,1.1471811032245511,1.1661595443085742,0.8670257823782943,1.2657580258456025,0.0,0.7944993617872821,-0.06960217612577496,0.0,0.0,-3.469446951953614e-18,0.0,0.0,0.0,0.0,0.0,-1.8185207020706826,1.0740152568422037,-0.7944993617872822,-0.7944993617872822,-0.7944993617872822,0.49936346250449504,1.0740152568422037,1.0740152568422037,1.0740152568422037,1.0740152568422037,1.0740152568422037,port_sweep
-0.8692550469368361,1.8185207020706828,0.7944993617872821,1.2292150942578886,0.0,0.8185768303652898,1.5450125274799458,0.8185768303652896,1.2657580258456025,0.9310854698099713,0.9310854698099713,-0.71143163362698,0.0,0.0,1.1471811032245511,-0.23105592307073658,0.8670257823782943,1.2657580258456025,0.0,0.7944993617872821,-0.14568604235634536,0.0,0.0,-3.469446951953614e-18,0.0,0.0,0.0,0.0,0.0,-1.8185207020706826,-0.9310854698099713,-0.7944993617872822,-0.7944993617872822,-0.7944993617872822,-2.002549395553741,-0.9310854698099713,-0.9310854698099713,-0.9310854698099713,-0.9310854698099713,-0.9310854698099713,normal
0.9959998233475708,-0.5498975067269439,-1.2586542520945894,-1.391128219438658,0.0,-1.221632427042615,-1.0786080540163847,-1.2216324270426153,-1.2533471612858662,-1.0740152568422034,-1.0740152568422034,-0.71143163362698,0.0,0.0,1.1471811032245511,1.1661595443085742,-1.1578672735905835,-1.2533471612858662,0.0,-1.2586542520945894,-0.6339085515672855,0.0,0.0,-3.469446951953614e-18,0.0,0.0,0.0,0.0,0.0,0.5498975067269439,1.0740152568422037,1.2586542520945894,1.2586542520945894,1.2586542520945894,0.49936346250449504,1.0740152568422037,1.0740152568422037,1.0740152568422037,1.0740152568422037,1.0740152568422037,udp_scan
-0.8692550469368361,-0.5498975067269439,0.7944993617872821,0.24658635162168366,0.0,0.8185768303652898,-0.4789233496743663,0.8185768303652896,-0.36049975318863686,0.9310854698099713,0.9310854698099713,1.4056164397720938,0.0,0.0,-0.8722819620571747,-0.9664324848493213,0.8670257823782943,-0.36049975318863686,0.0,0.7944993617872821,-0.6034385917989583,0.0,0.0,-3.469446951953614e-18,0.0,0.0,0.0,0.0,0.0,0.5498975067269439,-0.9310854698099713,-0.7944993617872822,-0.7944993617872822,-0.7944993617872822,0.49936346250449504,-0.9310854698099713,-0.9310854698099713,-0.9310854698099713,-0.9310854698099713,-0.9310854698099713,syn_scan
-0.8692550469368361,-0.5498975067269439,0.7944993617872821,0.24658635162168366,0.0,0.8185768303652898,-0.4789233496743663,0.8185768303652896,-0.36049975318863686,0.9310854698099713,0.9310854698099713,1.4056164397720938,0.0,0.0,-0.8722819620571747,-0.9664324848493213,0.8670257823782943,-0.36049975318863686,0.0,0.7944993617872821,-0.7862583504089112,0.0,0.0,-3.469446951953614e-18,0.0,0.0,0.0,0.0,0.0,0.5498975067269439,-0.9310854698099713,-0.7944993617872822,-0.7944993617872822,-0.7944993617872822,0.49936346250449504,-0.9310854698099713,-0.9310854698099713,-0.9310854698099713,-0.9310854698099713,-0.9310854698099713,syn_scan
0.9959998233475708,-0.5498975067269439,-1.2586542520945894,-1.391128219438658,0.0,-1.221632427042615,-1.0786080540163847,-1.2216324270426153,-1.2533471612858662,-1.0740152568422034,-1.0740152568422034,-0.71143163362698,0.0,0.0,1.1471811032245511,1.1661595443085742,-1.1578672735905835,-1.2533471612858662,0.0,-1.2586542520945894,-0.6339085515672855,0.0,0.0,-3.469446951953614e-18,0.0,0.0,0.0,0.0,0.0,0.5498975067269439,1.0740152568422037,1.2586542520945894,1.2586542520945894,1.2586542520945894,0.49936346250449504,1.0740152568422037,1.0740152568422037,1.0740152568422037,1.0740152568422037,1.0740152568422037,udp_scan
-0.8692550469368361,-0.5498975067269439,0.7944993617872821,0.24658635162168366,0.0,0.8185768303652898,-0.4789233496743663,0.8185768303652896,-0.36049975318863686,0.9310854698099713,0.9310854698099713,1.4056164397720938,0.0,0.0,-0.8722819620571747,-0.9664324848493213,0.8670257823782943,-0.36049975318863686,0.0,0.7944993617872821,-0.44347130301525,0.0,0.0,-3.469446951953614e-18,0.0,0.0,0.0,0.0,0.0,0.5498975067269439,-0.9310854698099713,-0.7944993617872822,-0.7944993617872822,-0.7944993617872822,0.49936346250449504,-0.9310854698099713,-0.9310854698099713,-0.9310854698099713,-0.9310854698099713,-0.9310854698099713,syn_scan
0.9959998233475708,-0.5498975067269439,-1.2586542520945894,-1.391128219438658,0.0,-1.221632427042615,-1.0786080540163847,-1.2216324270426153,-1.2533471612858662,-1.0740152568422034,-1.0740152568422034,-0.71143163362698,0.0,0.0,1.1471811032245511,1.1661595443085742,-1.1578672735905835,-1.2533471612858662,0.0,-1.2586542520945894,-0.6339085515672855,0.0,0.0,-3.469446951953614e-18,0.0,0.0,0.0,0.0,0.0,0.5498975067269439,1.0740152568422037,1.2586542520945894,1.2586542520945894,1.2586542520945894,0.49936346250449504,1.0740152568422037,1.0740152568422037,1.0740152568422037,1.0740152568422037,1.0740152568422037,udp_scan
-0.8692550469368361,-0.5498975067269439,0.7944993617872821,0.24658635162168366,0.0,0.8185768303652898,-0.4789233496743663,0.8185768303652896,-0.36049975318863686,0.9310854698099713,0.9310854698099713,1.4056164397720938,0.0,0.0,-0.8722819620571747,-0.9664324848493213,0.8670257823782943,-0.36049975318863686,0.0,0.7944993617872821,-0.7557883906405874,0.0,0.0,-3.469446951953614e-18,0.0,0.0,0.0,0.0,0.0,0.5498975067269439,-0.9310854698099713,-0.7944993617872822,-0.7944993617872822,-0.7944993617872822,0.49936346250449504,-0.9310854698099713,-0.9310854698099713,-0.9310854698099713,-0.9310854698099713,-0.9310854698099713,syn_scan
0.9959998233475708,-0.5498975067269439,-1.2586542520945894,-1.391128219438658,0.0,-1.221632427042615,-1.0786080540163847,-1.2216324270426153,-1.2533471612858662,-1.0740152568422034,-1.0740152568422034,-0.71143163362698,0.0,0.0,1.1471811032245511,1.1661595443085742,-1.1578672735905835,-1.2533471612858662,0.0,-1.2586542520945894,-0.6339085515672855,0.0,0.0,-3.469446951953614e-18,0.0,0.0,0.0,0.0,0.0,0.5498975067269439,1.0740152568422037,1.2586542520945894,1.2586542520945894,1.2586542520945894,0.49936346250449504,1.0740152568422037,1.0740152568422037,1.0740152568422037,1.0740152568422037,1.0740152568422037,udp_scan
-0.8692550469368361,-0.5498975067269439,0.7944993617872821,0.24658635162168366,0.0,0.8185768303652898,-0.4789233496743663,0.8185768303652896,-0.36049975318863686,0.9310854698099713,0.9310854698099713,1.4056164397720938,0.0,0.0,-0.8722819620571747,-0.9664324848493213,0.8670257823782943,-0.36049975318863686,0.0,0.7944993617872821,-0.46632377284149445,0.0,0.0,-3.469446951953614e-18,0.0,0.0,0.0,0.0,0.0,0.5498975067269439,-0.9310854698099713,-0.7944993617872822,-0.7944993617872822,-0.7944993617872822,0.49936346250449504,-0.9310854698099713,-0.9310854698099713,-0.9310854698099713,-0.9310854698099713,-0.9310854698099713,syn_scan
-0.8692550469368361,1.8185207020706828,0.7944993617872821,1.2292150942578886,0.0,0.8185768303652898,1.5450125274799458,0.8185768303652896,1.1802417968233028,0.9310854698099713,0.9310854698099713,-0.71143163362698,0.0,0.0,-0.8722819620571747,-0.9664324848493213,-1.1578672735905835,1.1802417968233028,0.0,0.7944993617872821,1.7561212371493518,0.0,0.0,-3.469446951953614e-18,0.0,0.0,0.0,0.0,0.0,-1.8185207020706826,-0.9310854698099713,-0.7944993617872822,-0.7944993617872822,-0.7944993617872822,-2.002549395553741,-0.9310854698099713,-0.9310854698099713,-0.9310854698099713,-0.9310854698099713,-0.9310854698099713,normal
-0.8692550469368361,1.8185207020706828,0.7944993617872821,1.2292150942578886,0.0,0.8185768303652898,1.5450125274799458,0.8185768303652896,1.2657580258456025,0.9310854698099713,0.9310854698099713,-0.71143163362698,0.0,0.0,-0.8722819620571747,-0.8023869441448679,0.8670257823782943,1.2657580258456025,0.0,0.7944993617872821,0.9172028378890346,0.0,0.0,-3.469446951953614e-18,0.0,0.0,0.0,0.0,0.0,-1.8185207020706826,-0.9310854698099713,-0.7944993617872822,-0.7944993617872822,-0.7944993617872822,-2.002549395553741,-0.9310854698099713,-0.9310854698099713,-0.9310854698099713,-0.9310854698099713,-0.9310854698099713,normal
-0.8692550469368361,-0.5498975067269439,0.7944993617872821,0.24658635162168366,0.0,0.8185768303652898,-0.4789233496743663,0.8185768303652896,-0.36049975318863686,0.9310854698099713,0.9310854698099713,1.4056164397720938,0.0,0.0,-0.8722819620571747,-0.9664324848493213,0.8670257823782943,-0.36049975318863686,0.0,0.7944993617872821,-0.8243458001193178,0.0,0.0,-3.469446951953614e-18,0.0,0.0,0.0,0.0,0.0,0.5498975067269439,-0.9310854698099713,-0.7944993617872822,-0.7944993617872822,-0.7944993617872822,0.49936346250449504,-0.9310854698099713,-0.9310854698099713,-0.9310854698099713,-0.9310854698099713,-0.9310854698099713,syn_scan
-0.8692550469368361,-0.5498975067269439,0.7944993617872821,0.24658635162168366,0.0,0.8185768303652898,-0.4789233496743663,0.8185768303652896,-0.36049975318863686,0.9310854698099713,0.9310854698099713,1.4056164397720938,0.0,0.0,-0.8722819620571747,-0.9664324848493213,0.8670257823782943,-0.36049975318863686,0.0,0.7944993617872821,-0.46632377284149445,0.0,0.0,-3.469446951953614e-18,0.0,0.0,0.0,0.0,0.0,0.5498975067269439,-0.9310854698099713,-0.7944993617872822,-0.7944993617872822,-0.7944993617872822,0.49936346250449504,-0.9310854698099713,-0.9310854698099713,-0.9310854698099713,-0.9310854698099713,-0.9310854698099713,syn_scan
-0.8692550469368361,-0.5498975067269439,0.7944993617872821,0.24658635162168366,0.0,0.8185768303652898,-0.4789233496743663,0.8185768303652896,-0.36049975318863686,0.9310854698099713,0.9310854698099713,1.4056164397720938,0.0,0.0,-0.8722819620571747,-0.9664324848493213,0.8670257823782943,-0.36049975318863686,0.0,0.7944993617872821,-0.534881182320228,0.0,0.0,-3.469446951953614e-18,0.0,0.0,0.0,0.0,0.0,0.5498975067269439,-0.9310854698099713,-0.7944993617872822,-0.7944993617872822,-0.7944993617872822,0.49936346250449504,-0.9310854698099713,-0.9310854698099713,-0.9310854698099713,-0.9310854698099713,-0.9310854698099713,syn_scan
0.9959998233475708,-0.5498975067269439,-1.2586542520945894,-1.391128219438658,0.0,-1.221632427042615,-1.0786080540163847,-1.2216324270426153,-1.2533471612858662,-1.0740152568422034,-1.0740152568422034,-0.71143163362698,0.0,0.0,1.1471811032245511,1.1661595443085742,-1.1578672735905835,-1.2533471612858662,0.0,-1.2586542520945894,-0.6339085515672855,0.0,0.0,-3.469446951953614e-18,0.0,0.0,0.0,0.0,0.0,0.5498975067269439,1.0740152568422037,1.2586542520945894,1.2586542520945894,1.2586542520945894,0.49936346250449504,1.0740152568422037,1.0740152568422037,1.0740152568422037,1.0740152568422037,1.0740152568422037,udp_scan
-0.8692550469368361,-0.5498975067269439,0.7944993617872821,0.24658635162168366,0.0,0.8185768303652898,-0.4789233496743663,0.8185768303652896,-0.36049975318863686,0.9310854698099713,0.9310854698099713,1.4056164397720938,0.0,0.0,-0.8722819620571747,-0.9664324848493213,0.8670257823782943,-0.36049975318863686,0.0,0.7944993617872821,-0.7862583504089112,0.0,0.0,-3.469446951953614e-18,0.0,0.0,0.0,0.0,0.0,0.5498975067269439,-0.9310854698099713,-0.7944993617872822,-0.7944993617872822,-0.7944993617872822,0.49936346250449504,-0.9310854698099713,-0.9310854698099713,-0.9310854698099713,-0.9310854698099713,-0.9310854698099713,syn_scan
-0.8692550469368361,-0.5498975067269439,0.7944993617872821,0.24658635162168366,0.0,0.8185768303652898,-0.4789233496743663,0.8185768303652896,-0.36049975318863686,0.9310854698099713,0.9310854698099713,1.4056164397720938,0.0,0.0,-0.8722819620571747,-0.9664324848493213,0.8670257823782943,-0.36049975318863686,0.0,0.7944993617872821,-0.43585381307316745,0.0,0.0,-3.469446951953614e-18,0.0,0.0,0.0,0.0,0.0,0.5498975067269439,-0.9310854698099713,-0.7944993617872822,-0.7944993617872822,-0.7944993617872822,0.49936346250449504,-0.9310854698099713,-0.9310854698099713,-0.9310854698099713,-0.9310854698099713,-0.9310854698099713,syn_scan
0.9959998233475708,-0.5498975067269439,-1.2586542520945894,-1.391128219438658,0.0,-1.221632427042615,-1.0786080540163847,-1.2216324270426153,-1.2533471612858662,-1.0740152568422034,-1.0740152568422034,-0.71143163362698,0.0,0.0,1.1471811032245511,1.1661595443085742,-1.1578672735905835,-1.2533471612858662,0.0,-1.2586542520945894,-0.6339085515672855,0.0,0.0,-3.469446951953614e-18,0.0,0.0,0.0,0.0,0.0,0.5498975067269439,1.0740152568422037,1.2586542520945894,1.2586542520945894,1.2586542520945894,0.49936346250449504,1.0740152568422037,1.0740152568422037,1.0740152568422037,1.0740152568422037,1.0740152568422037,udp_scan
-0.8692550469368361,1.8185207020706828,0.7944993617872821,1.2292150942578886,0.0,0.8185768303652898,1.5450125274799458,0.8185768303652896,1.1802417968233037,0.9310854698099713,0.9310854698099713,-0.71143163362698,0.0,0.0,-0.8722819620571747,-0.9664324848493213,-1.1578672735905835,1.1802417968233028,0.0,0.7944993617872821,1.7561212371493518,0.0,0.0,-3.469446951953614e-18,0.0,0.0,0.0,0.0,0.0,-1.8185207020706826,-0.9310854698099713,-0.7944993617872822,-0.7944993617872822,-0.7944993617872822,-2.002549395553741,-0.9310854698099713,-0.9310854698099713,-0.9310854698099713,-0.9310854698099713,-0.9310854698099713,normal
-0.8692550469368361,-0.5498975067269439,0.7944993617872821,1.2292150942578886,0.0,0.8185768303652898,1.5450125274799458,0.8185768303652896,1.2657580258456025,0.9310854698099713,0.9310854698099713,-0.71143163362698,0.0,0.0,-0.8698889245641175,-0.11339567318616328,0.8670257823782943,1.2657580258456025,0.0,0.7944993617872821,1.3652593643434032,0.0,0.0,-3.469446951953614e-18,0.0,0.0,0.0,0.0,0.0,0.5498975067269439,-0.9310854698099713,-0.7944993617872822,-0.7944993617872822,-0.7944993617872822,-2.002549395553741,-0.9310854698099713,-0.9310854698099713,-0.9310854698099713,-0.9310854698099713,-0.9310854698099713,normal
-0.8692550469368361,-0.5498975067269439,0.7944993617872821,0.24658635162168366,0.0,0.8185768303652898,-0.4789233496743663,0.8185768303652896,-0.36049975318863686,0.9310854698099713,0.9310854698099713,1.4056164397720938,0.0,0.0,-0.8722819620571747,-0.9664324848493213,0.8670257823782943,-0.36049975318863686,0.0,0.7944993617872821,0.9352943765014776,0.0,0.0,-3.469446951953614e-18,0.0,0.0,0.0,0.0,0.0,0.5498975067269439,-0.9310854698099713,-0.7944993617872822,-0.7944993617872822,-0.7944993617872822,0.49936346250449504,-0.9310854698099713,-0.9310854698099713,-0.9310854698099713,-0.9310854698099713,-0.9310854698099713,port_sweep
-0.8692550469368361,-0.5498975067269439,0.7944993617872821,0.24658635162168366,0.0,0.8185768303652898,-0.4789233496743663,0.8185768303652896,-0.36049975318863686,0.9310854698099713,0.9310854698099713,1.4056164397720938,0.0,0.0,-0.8722819620571747,-0.9664324848493213,0.8670257823782943,-0.36049975318863686,0.0,0.7944993617872821,-0.6948484711039364,0.0,0.0,-3.469446951953614e-18,0.0,0.0,0.0,0.0,0.0,0.5498975067269439,-0.9310854698099713,-0.7944993617872822,-0.7944993617872822,-0.7944993617872822,0.49936346250449504,-0.9310854698099713,-0.9310854698099713,-0.9310854698099713,-0.9310854698099713,-0.9310854698099713,syn_scan
-0.8692550469368361,-0.5498975067269439,0.7944993617872821,0.24658635162168366,0.0,0.8185768303652898,-0.4789233496743663,0.8185768303652896,-0.36049975318863686,0.9310854698099713,0.9310854698099713,1.4056164397720938,0.0,0.0,-0.8722819620571747,-0.9664324848493213,0.8670257823782943,-0.36049975318863686,0.0,0.7944993617872821,-0.7253184308722602,0.0,0.0,-3.469446951953614e-18,0.0,0.0,0.0,0.0,0.0,0.5498975067269439,-0.9310854698099713,-0.7944993617872822,-0.7944993617872822,-0.7944993617872822,0.49936346250449504,-0.9310854698099713,-0.9310854698099713,-0.9310854698099713,-0.9310854698099713,-0.9310854698099713,port_sweep
-0.8692550469368361,1.8185207020706828,0.7944993617872821,1.2292150942578886,0.0,0.8185768303652898,1.5450125274799458,0.8185768303652896,1.2657580258456025,0.9310854698099713,0.9310854698099713,-0.71143163362698,0.0,0.0,-0.8698889245641175,-0.11339567318616328,0.8670257823782943,1.2657580258456025,0.0,0.7944993617872821,1.7561212371493518,0.0,0.0,-3.469446951953614e-18,0.0,0.0,0.0,0.0,0.0,-1.8185207020706826,-0.9310854698099713,-0.7944993617872822,-0.7944993617872822,-0.7944993617872822,-2.002549395553741,-0.9310854698099713,-0.9310854698099713,-0.9310854698099713,-0.9310854698099713,-0.9310854698099713,normal
0.9959998233475708,-0.5498975067269439,0.7944993617872821,1.2292150942578886,0.0,0.8185768303652898,0.9453278231379273,0.8185768303652896,1.2657580258456025,-1.0740152568422034,-1.0740152568422034,-0.71143163362698,0.0,0.0,-0.8722819620571747,-0.9664324848493213,0.8670257823782943,1.2657580258456025,0.0,0.7944993617872821,1.7561212371493518,0.0,0.0,-3.469446951953614e-18,0.0,0.0,0.0,0.0,0.0,0.5498975067269439,1.0740152568422037,-0.7944993617872822,-0.7944993617872822,-0.7944993617872822,0.49936346250449504,1.0740152568422037,1.0740152568422037,1.0740152568422037,1.0740152568422037,1.0740152568422037,normal
-0.8692550469368361,-0.5498975067269439,0.7944993617872821,0.24658635162168366,0.0,0.8185768303652898,-0.4789233496743663,0.8185768303652896,-0.36049975318863686,0.9310854698099713,0.9310854698099713,1.4056164397720938,0.0,0.0,-0.8722819620571747,-0.9664324848493213,0.8670257823782943,-0.36049975318863686,0.0,0.7944993617872821,-0.7862583504089112,0.0,0.0,-3.469446951953614e-18,0.0,0.0,0.0,0.0,0.0,0.5498975067269439,-0.9310854698099713,-0.7944993617872822,-0.7944993617872822,-0.7944993617872822,0.49936346250449504,-0.9310854698099713,-0.9310854698099713,-0.9310854698099713,-0.9310854698099713,-0.9310854698099713,syn_scan
-0.8692550469368361,-0.5498975067269439,0.7944993617872821,0.24658635162168366,0.0,0.8185768303652898,-0.4789233496743663,0.8185768303652896,-0.36049975318863686,0.9310854698099713,0.9310854698099713,1.4056164397720938,0.0,0.0,-0.8722819620571747,-0.9664324848493213,0.8670257823782943,-0.36049975318863686,0.0,0.7944993617872821,0.8438844971965027,0.0,0.0,-3.469446951953614e-18,0.0,0.0,0.0,0.0,0.0,0.5498975067269439,-0.9310854698099713,-0.7944993617872822,-0.7944993617872822,-0.7944993617872822,0.49936346250449504,-0.9310854698099713,-0.9310854698099713,-0.9310854698099713,-0.9310854698099713,-0.9310854698099713,port_sweep
0.9959998233475708,-0.5498975067269439,-1.2586542520945894,-1.391128219438658,0.0,-1.221632427042615,-1.0786080540163847,-1.2216324270426153,-1.2533471612858662,-1.0740152568422034,-1.0740152568422034,-0.71143163362698,0.0,0.0,1.1471811032245511,1.1661595443085742,-1.1578672735905835,-1.2533471612858662,0.0,-1.2586542520945894,-0.6339085515672855,0.0,0.0,-3.469446951953614e-18,0.0,0.0,0.0,0.0,0.0,0.5498975067269439,1.0740152568422037,1.2586542520945894,1.2586542520945894,1.2586542520945894,0.49936346250449504,1.0740152568422037,1.0740152568422037,1.0740152568422037,1.0740152568422037,1.0740152568422037,udp_scan
-0.8692550469368361,-0.5498975067269439,0.7944993617872821,0.24658635162168366,0.0,0.8185768303652898,-0.4789233496743663,0.8185768303652896,-0.36049975318863686,0.9310854698099713,0.9310854698099713,1.4056164397720938,0.0,0.0,-0.8722819620571747,-0.9664324848493213,0.8670257823782943,-0.36049975318863686,0.0,0.7944993617872821,-0.4967937326098184,0.0,0.0,-3.469446951953614e-18,0.0,0.0,0.0,0.0,0.0,0.5498975067269439,-0.9310854698099713,-0.7944993617872822,-0.7944993617872822,-0.7944993617872822,0.49936346250449504,-0.9310854698099713,-0.9310854698099713,-0.9310854698099713,-0.9310854698099713,-0.9310854698099713,syn_scan
-0.8692550469368361,1.8185207020706828,0.7944993617872821,1.2292150942578886,0.0,0.8185768303652898,1.5450125274799458,0.8185768303652896,1.2657580258456025,0.9310854698099713,0.9310854698099713,-0.71143163362698,0.0,0.0,1.1471811032245511,1.1661595443085742,0.8670257823782943,1.2657580258456025,0.0,0.7944993617872821,0.3073893924251603,0.0,0.0,-3.469446951953614e-18,0.0,0.0,0.0,0.0,0.0,-1.8185207020706826,-0.9310854698099713,-0.7944993617872822,-0.7944993617872822,-0.7944993617872822,-2.002549395553741,-0.9310854698099713,-0.9310854698099713,-0.9310854698099713,-0.9310854698099713,-0.9310854698099713,normal
-0.8692550469368361,-0.5498975067269439,0.7944993617872821,0.24658635162168366,0.0,0.8185768303652898,-0.4789233496743663,0.8185768303652896,-0.36049975318863686,0.9310854698099713,0.9310854698099713,1.4056164397720938,0.0,0.0,-0.8722819620571747,-0.9664324848493213,0.8670257823782943,-0.36049975318863686,0.0,0.7944993617872821,-0.65676102139353,0.0,0.0,-3.469446951953614e-18,0.0,0.0,0.0,0.0,0.0,0.5498975067269439,-0.9310854698099713,-0.7944993617872822,-0.7944993617872822,-0.7944993617872822,0.49936346250449504,-0.9310854698099713,-0.9310854698099713,-0.9310854698099713,-0.9310854698099713,-0.9310854698099713,syn_scan
0.9959998233475708,-0.5498975067269439,-1.2586542520945894,-1.391128219438658,0.0,-1.221632427042615,-1.0786080540163847,-1.2216324270426153,-1.2533471612858662,-1.0740152568422034,-1.0740152568422034,-0.71143163362698,0.0,0.0,1.1471811032245511,1.1661595443085742,-1.1578672735905835,-1.2533471612858662,0.0,-1.2586542520945894,-0.6339085515672855,0.0,0.0,-3.469446951953614e-18,0.0,0.0,0.0,0.0,0.0,0.5498975067269439,1.0740152568422037,1.2586542520945894,1.2586542520945894,1.2586542520945894,0.49936346250449504,1.0740152568422037,1.0740152568422037,1.0740152568422037,1.0740152568422037,1.0740152568422037,udp_scan
0.9959998233475708,-0.5498975067269439,0.7944993617872821,1.2292150942578886,0.0,0.8185768303652898,1.0577687052020557,0.8185768303652896,1.2657580258456025,-1.0740152568422034,-1.0740152568422034,-0.71143163362698,0.0,0.0,-0.8722819620571747,-0.9664324848493213,0.8670257823782943,1.2657580258456025,0.0,0.7944993617872821,1.7561212371493518,0.0,0.0,-3.469446951953614e-18,0.0,0.0,0.0,0.0,0.0,0.5498975067269439,1.0740152568422037,-0.7944993617872822,-0.7944993617872822,-0.7944993617872822,0.49936346250449504,1.0740152568422037,1.0740152568422037,1.0740152568422037,1.0740152568422037,1.0740152568422037,normal
0.9959998233475708,-0.5498975067269439,-1.2586542520945894,-1.391128219438658,0.0,-1.221632427042615,-1.0786080540163847,-1.2216324270426153,-1.2533471612858662,-1.0740152568422034,-1.0740152568422034,-0.71143163362698,0.0,0.0,1.1471811032245511,1.1661595443085742,-1.1578672735905835,-1.2533471612858662,0.0,-1.2586542520945894,-0.6339085515672855,0.0,0.0,-3.469446951953614e-18,0.0,0.0,0.0,0.0,0.0,0.5498975067269439,1.0740152568422037,1.2586542520945894,1.2586542520945894,1.2586542520945894,0.49936346250449504,1.0740152568422037,1.0740152568422037,1.0740152568422037,1.0740152568422037,1.0740152568422037,udp_scan
-0.8692550469368361,-0.5498975067269439,0.7944993617872821,0.24658635162168366,0.0,0.8185768303652898,-0.4789233496743663,0.8185768303652896,-0.36049975318863686,0.9310854698099713,0.9310854698099713,1.4056164397720938,0.0,0.0,-0.8722819620571747,-0.9664324848493213,0.8670257823782943,-0.36049975318863686,0.0,0.7944993617872821,-0.7862583504089112,0.0,0.0,-3.469446951953614e-18,0.0,0.0,0.0,0.0,0.0,0.5498975067269439,-0.9310854698099713,-0.7944993617872822,-0.7944993617872822,-0.7944993617872822,0.49936346250449504,-0.9310854698099713,-0.9310854698099713,-0.9310854698099713,-0.9310854698099713,-0.9310854698099713,syn_scan
-0.8692550469368361,1.8185207020706828,0.7944993617872821,1.2292150942578886,0.0,0.8185768303652898,1.5450125274799458,0.8185768303652896,1.201241643366817,0.9310854698099713,0.9310854698099713,-0.71143163362698,0.0,0.0,-0.8722819620571747,-0.9664324848493213,-1.1578672735905835,1.201241643366816,0.0,0.7944993617872821,1.7561212371493518,0.0,0.0,-3.469446951953614e-18,0.0,0.0,0.0,0.0,0.0,-1.8185207020706826,-0.9310854698099713,-0.7944993617872822,-0.7944993617872822,-0.7944993617872822,-2.002549395553741,-0.9310854698099713,-0.9310854698099713,-0.9310854698099713,-0.9310854698099713,-0.9310854698099713,normal
-0.8692550469368361,-0.5498975067269439,0.7944993617872821,0.24658635162168366,0.0,0.8185768303652898,-0.4789233496743663,0.8185768303652896,-0.36049975318863686,0.9310854698099713,0.9310854698099713,1.4056164397720938,0.0,0.0,-0.8722819620571747,-0.9664324848493213,0.8670257823782943,-0.36049975318863686,0.0,0.7944993617872821,-0.7862583504089112,0.0,0.0,-3.469446951953614e-18,0.0,0.0,0.0,0.0,0.0,0.5498975067269439,-0.9310854698099713,-0.7944993617872822,-0.7944993617872822,-0.7944993617872822,0.49936346250449504,-0.9310854698099713,-0.9310854698099713,-0.9310854698099713,-0.9310854698099713,-0.9310854698099713,syn_scan
0.9959998233475708,-0.5498975067269439,-1.2586542520945894,-0.31491578702757633,0.0,-1.221632427042615,0.6454854709669182,-1.2216324270426153,1.2657580258456025,-1.0740152568422034,-1.0740152568422034,-0.71143163362698,0.0,0.0,1.1471811032245511,1.1661595443085742,-1.1578672735905835,1.2657580258456025,0.0,-1.2586542520945894,-0.6339085515672855,0.0,0.0,-3.469446951953614e-18,0.0,0.0,0.0,0.0,0.0,0.5498975067269439,1.0740152568422037,1.2586542520945894,1.2586542520945894,1.2586542520945894,0.49936346250449504,1.0740152568422037,1.0740152568422037,1.0740152568422037,1.0740152568422037,1.0740152568422037,icmp_flood
0.9959998233475708,-0.5498975067269439,-1.2586542520945894,-1.391128219438658,0.0,-1.221632427042615,-1.0786080540163847,-1.2216324270426153,-1.2533471612858662,-1.0740152568422034,-1.0740152568422034,-0.71143163362698,0.0,0.0,1.1471811032245511,1.1661595443085742,-1.1578672735905835,-1.2533471612858662,0.0,-1.2586542520945894,-0.6339085515672855,0.0,0.0,-3.469446951953614e-18,0.0,0.0,0.0,0.0,0.0,0.5498975067269439,1.0740152568422037,1.2586542520945894,1.2586542520945894,1.2586542520945894,0.49936346250449504,1.0740152568422037,1.0740152568422037,1.0740152568422037,1.0740152568422037,1.0740152568422037,udp_scan
-0.8692550469368361,1.8185207020706828,0.7944993617872821,1.2292150942578886,0.0,0.8185768303652898,1.5450125274799458,0.8185768303652896,1.2657580258456025,0.9310854698099713,0.9310854698099713,-0.71143163362698,0.0,0.0,-0.8722819620571747,-0.25556847513002295,0.8670257823782943,1.2657580258456025,0.0,0.7944993617872821,1.7561212371493518,0.0,0.0,-3.469446951953614e-18,0.0,0.0,0.0,0.0,0.0,-1.8185207020706826,-0.9310854698099713,-0.7944993617872822,-0.7944993617872822,-0.7944993617872822,-2.002549395553741,-0.9310854698099713,-0.9310854698099713,-0.9310854698099713,-0.9310854698099713,-0.9310854698099713,normal
-0.8692550469368361,-0.5498975067269439,0.7944993617872821,0.24658635162168366,0.0,0.8185768303652898,-0.4789233496743663,0.8185768303652896,-0.36049975318863686,0.9310854698099713,0.9310854698099713,1.4056164397720938,0.0,0.0,-0.8722819620571747,-0.9664324848493213,0.8670257823782943,-0.36049975318863686,0.0,0.7944993617872821,-0.7557883906405874,0.0,0.0,-3.469446951953614e-18,0.0,0.0,0.0,0.0,0.0,0.5498975067269439,-0.9310854698099713,-0.7944993617872822,-0.7944993617872822,-0.7944993617872822,0.49936346250449504,-0.9310854698099713,-0.9310854698099713,-0.9310854698099713,-0.9310854698099713,-0.9310854698099713,syn_scan
-0.8692550469368361,1.8185207020706828,0.7944993617872821,1.2292150942578886,0.0,0.8185768303652898,1.5450125274799458,0.8185768303652896,1.2657580258456025,0.9310854698099713,0.9310854698099713,-0.71143163362698,0.0,0.0,-0.8722819620571747,-0.9261948993935115,0.8670257823782943,1.2657580258456025,0.0,0.7944993617872821,1.7561212371493518,0.0,0.0,-3.469446951953614e-18,0.0,0.0,0.0,0.0,0.0,-1.8185207020706826,-0.9310854698099713,-0.7944993617872822,-0.7944993617872822,-0.7944993617872822,-2.002549395553741,-0.9310854698099713,-0.9310854698099713,-0.9310854698099713,-0.9310854698099713,-0.9310854698099713,normal
-0.8692550469368361,-0.5498975067269439,0.7944993617872821,0.24658635162168366,0.0,0.8185768303652898,-0.4789233496743663,0.8185768303652896,-0.36049975318863686,0.9310854698099713,0.9310854698099713,1.4056164397720938,0.0,0.0,-0.8722819620571747,-0.9664324848493213,0.8670257823782943,-0.36049975318863686,0.0,0.7944993617872821,-0.7557883906405874,0.0,0.0,-3.469446951953614e-18,0.0,0.0,0.0,0.0,0.0,0.5498975067269439,-0.9310854698099713,-0.7944993617872822,-0.7944993617872822,-0.7944993617872822,0.49936346250449504,-0.9310854698099713,-0.9310854698099713,-0.9310854698099713,-0.9310854698099713,-0.9310854698099713,syn_scan
-0.8692550469368361,1.8185207020706828,0.7944993617872821,1.2292150942578886,0.0,0.8185768303652898,1.5450125274799458,0.8185768303652896,1.2657580258456025,0.9310854698099713,0.9310854698099713,-0.71143163362698,0.0,0.0,1.1471811032245511,-0.6110004799896719,0.8670257823782943,1.2657580258456025,0.0,0.7944993617872821,0.2663771930541724,0.0,0.0,-3.469446951953614e-18,0.0,0.0,0.0,0.0,0.0,-1.8185207020706826,-0.9310854698099713,-0.7944993617872822,-0.7944993617872822,-0.7944993617872822,-2.002549395553741,-0.9310854698099713,-0.9310854698099713,-0.9310854698099713,-0.9310854698099713,-0.9310854698099713,normal
0.9959998233475708,-0.5498975067269439,0.7944993617872821,1.2292150942578886,0.0,0.8185768303652898,1.0577687052020557,0.8185768303652896,1.2657580258456025,-1.0740152568422034,-1.0740152568422034,-0.71143163362698,0.0,0.0,-0.8722819620571747,-0.9664324848493213,0.8670257823782943,1.2657580258456025,0.0,0.7944993617872821,1.7561212371493518,0.0,0.0,-3.469446951953614e-18,0.0,0.0,0.0,0.0,0.0,0.5498975067269439,1.0740152568422037,-0.7944993617872822,-0.7944993617872822,-0.7944993617872822,0.49936346250449504,1.0740152568422037,1.0740152568422037,1.0740152568422037,1.0740152568422037,1.0740152568422037,normal
0.9959998233475708,-0.5498975067269439,-1.2586542520945894,-0.31491578702757633,0.0,-1.221632427042615,0.6454854709669182,-1.2216324270426153,1.2657580258456025,-1.0740152568422034,-1.0740152568422034,-0.71143163362698,0.0,0.0,1.1471811032245511,1.1661595443085742,-1.1578672735905835,1.2657580258456025,0.0,-1.2586542520945894,-0.6339085515672855,0.0,0.0,-3.469446951953614e-18,0.0,0.0,0.0,0.0,0.0,0.5498975067269439,1.0740152568422037,1.2586542520945894,1.2586542520945894,1.2586542520945894,0.49936346250449504,1.0740152568422037,1.0740152568422037,1.0740152568422037,1.0740152568422037,1.0740152568422037,icmp_flood
0.9959998233475708,-0.5498975067269439,-1.2586542520945894,-0.8296260807893979,0.0,-1.221632427042615,-0.1790809975033571,-1.2216324270426153,0.2772483954522413,-1.0740152568422034,-1.0740152568422034,-0.71143163362698,0.0,0.0,1.1471811032245511,1.1661595443085742,-1.1578672735905835,0.2772483954522413,0.0,-1.2586542520945894,-0.6339085515672855,0.0,0.0,-3.469446951953614e-18,0.0,0.0,0.0,0.0,0.0,0.5498975067269439,1.0740152568422037,1.2586542520945894,1.2586542520945894,1.2586542520945894,0.49936346250449504,1.0740152568422037,1.0740152568422037,1.0740152568422037,1.0740152568422037,1.0740152568422037,icmp_flood
0.9959998233475708,-0.5498975067269439,-1.2586542520945894,-0.31491578702757633,0.0,-1.221632427042615,0.6454854709669182,-1.2216324270426153,1.2657580258456025,-1.0740152568422034,-1.0740152568422034,-0.71143163362698,0.0,0.0,1.1471811032245511,1.1661595443085742,-1.1578672735905835,1.2657580258456025,0.0,-1.2586542520945894,-0.6339085515672855,0.0,0.0,-3.469446951953614e-18,0.0,0.0,0.0,0.0,0.0,0.5498975067269439,1.0740152568422037,1.2586542520945894,1.2586542520945894,1.2586542520945894,0.49936346250449504,1.0740152568422037,1.0740152568422037,1.0740152568422037,1.0740152568422037,1.0740152568422037,icmp_flood
-0.8692550469368361,1.8185207020706828,0.7944993617872821,1.2292150942578886,0.0,0.8185768303652898,1.5450125274799458,0.8185768303652896,1.2657580258456025,0.9310854698099713,0.9310854698099713,-0.71143163362698,0.0,0.0,-0.8722819620571747,-0.25556847513002295,0.8670257823782943,1.2657580258456025,0.0,0.7944993617872821,1.7561212371493518,0.0,0.0,-3.469446951953614e-18,0.0,0.0,0.0,0.0,0.0,-1.8185207020706826,-0.9310854698099713,-0.7944993617872822,-0.7944993617872822,-0.7944993617872822,-2.002549395553741,-0.9310854698099713,-0.9310854698099713,-0.9310854698099713,-0.9310854698099713,-0.9310854698099713,normal
-0.8692550469368361,1.8185207020706828,0.7944993617872821,1.2292150942578886,0.0,0.8185768303652898,1.5450125274799458,0.8185768303652896,1.2657580258456025,0.9310854698099713,0.9310854698099713,-0.71143163362698,0.0,0.0,-0.8722819620571747,-0.11339567318616328,0.8670257823782943,1.2657580258456025,0.0,0.7944993617872821,1.7561212371493518,0.0,0.0,-3.469446951953614e-18,0.0,0.0,0.0,0.0,0.0,-1.8185207020706826,-0.9310854698099713,-0.7944993617872822,-0.7944993617872822,-0.7944993617872822,-2.002549395553741,-0.9310854698099713,-0.9310854698099713,-0.9310854698099713,-0.9310854698099713,-0.9310854698099713,normal
0.9959998233475708,-0.5498975067269439,-1.2586542520945894,-1.391128219438658,0.0,-1.221632427042615,-1.0786080540163847,-1.2216324270426153,-1.2533471612858662,-1.0740152568422034,-1.0740152568422034,-0.71143163362698,0.0,0.0,1.1471811032245511,1.1661595443085742,-1.1578672735905835,-1.2533471612858662,0.0,-1.2586542520945894,-0.6339085515672855,0.0,0.0,-3.469446951953614e-18,0.0,0.0,0.0,0.0,0.0,0.5498975067269439,1.0740152568422037,1.2586542520945894,1.2586542520945894,1.2586542520945894,0.49936346250449504,1.0740152568422037,1.0740152568422037,1.0740152568422037,1.0740152568422037,1.0740152568422037,udp_scan
-0.8692550469368361,-0.5498975067269439,0.7944993617872821,0.24658635162168366,0.0,0.8185768303652898,-0.4789233496743663,0.8185768303652896,-0.36049975318863686,0.9310854698099713,0.9310854698099713,1.4056164397720938,0.0,0.0,-0.8722819620571747,-0.9664324848493213,0.8670257823782943,-0.36049975318863686,0.0,0.7944993617872821,-0.6262910616252029,0.0,0.0,-3.469446951953614e-18,0.0,0.0,0.0,0.0,0.0,0.5498975067269439,-0.9310854698099713,-0.7944993617872822,-0.7944993617872822,-0.7944993617872822,0.49936346250449504,-0.9310854698099713,-0.9310854698099713,-0.9310854698099713,-0.9310854698099713,-0.9310854698099713,syn_scan
-0.8692550469368361,-0.5498975067269439,0.7944993617872821,0.24658635162168366,0.0,0.8185768303652898,-0.4789233496743663,0.8185768303652896,-0.36049975318863686,0.9310854698099713,0.9310854698099713,1.4056164397720938,0.0,0.0,-0.8722819620571747,-0.9664324848493213,0.8670257823782943,-0.36049975318863686,0.0,0.7944993617872821,0.6534472486444673,0.0,0.0,-3.469446951953614e-18,0.0,0.0,0.0,0.0,0.0,0.5498975067269439,-0.9310854698099713,-0.7944993617872822,-0.7944993617872822,-0.7944993617872822,0.49936346250449504,-0.9310854698099713,-0.9310854698099713,-0.9310854698099713,-0.9310854698099713,-0.9310854698099713,port_sweep
0.9959998233475708,-0.5498975067269439,0.7944993617872821,1.2292150942578886,0.0,0.8185768303652898,0.9453278231379273,0.8185768303652896,1.2657580258456025,-1.0740152568422034,-1.0740152568422034,-0.71143163362698,0.0,0.0,-0.8722819620571747,-0.9664324848493213,0.8670257823782943,1.2657580258456025,0.0,0.7944993617872821,1.7561212371493518,0.0,0.0,-3.469446951953614e-18,0.0,0.0,0.0,0.0,0.0,0.5498975067269439,1.0740152568422037,-0.7944993617872822,-0.7944993617872822,-0.7944993617872822,0.49936346250449504,1.0740152568422037,1.0740152568422037,1.0740152568422037,1.0740152568422037,1.0740152568422037,normal
0.9959998233475708,-0.5498975067269439,-1.2586542520945894,-0.8296260807893979,0.0,-1.221632427042615,-0.1790809975033571,-1.2216324270426153,0.2772483954522413,-1.0740152568422034,-1.0740152568422034,-0.71143163362698,0.0,0.0,1.1471811032245511,1.1661595443085742,-1.1578672735905835,0.2772483954522413,0.0,-1.2586542520945894,-0.6339085515672855,0.0,0.0,-3.469446951953614e-18,0.0,0.0,0.0,0.0,0.0,0.5498975067269439,1.0740152568422037,1.2586542520945894,1.2586542520945894,1.2586542520945894,0.49936346250449504,1.0740152568422037,1.0740152568422037,1.0740152568422037,1.0740152568422037,1.0740152568422037,icmp_flood
-0.8692550469368361,-0.5498975067269439,0.7944993617872821,0.24658635162168366,0.0,0.8185768303652898,-0.4789233496743663,0.8185768303652896,-0.36049975318863686,0.9310854698099713,0.9310854698099713,1.4056164397720938,0.0,0.0,-0.8722819620571747,-0.9664324848493213,0.8670257823782943,-0.36049975318863686,0.0,0.7944993617872821,-0.7253184308722602,0.0,0.0,-3.469446951953614e-18,0.0,0.0,0.0,0.0,0.0,0.5498975067269439,-0.9310854698099713,-0.7944993617872822,-0.7944993617872822,-0.7944993617872822,0.49936346250449504,-0.9310854698099713,-0.9310854698099713,-0.9310854698099713,-0.9310854698099713,-0.9310854698099713,syn_scan
0.9959998233475708,-0.5498975067269439,-1.2586542520945894,-1.391128219438658,0.0,-1.221632427042615,-1.0786080540163847,-1.2216324270426153,-1.2533471612858662,-1.0740152568422034,-1.0740152568422034,-0.71143163362698,0.0,0.0,1.1471811032245511,1.1661595443085742,-1.1578672735905835,-1.2533471612858662,0.0,-1.2586542520945894,-0.6339085515672855,0.0,0.0,-3.469446951953614e-18,0.0,0.0,0.0,0.0,0.0,0.5498975067269439,1.0740152568422037,1.2586542520945894,1.2586542520945894,1.2586542520945894,0.49936346250449504,1.0740152568422037,1.0740152568422037,1.0740152568422037,1.0740152568422037,1.0740152568422037,udp_scan
0.9959998233475708,-0.5498975067269439,-1.2586542520945894,-1.391128219438658,0.0,-1.221632427042615,-1.0786080540163847,-1.2216324270426153,-1.2533471612858662,-1.0740152568422034,-1.0740152568422034,-0.71143163362698,0.0,0.0,1.1471811032245511,1.1661595443085742,-1.1578672735905835,-1.2533471612858662,0.0,-1.2586542520945894,-0.6339085515672855,0.0,0.0,-3.469446951953614e-18,0.0,0.0,0.0,0.0,0.0,0.5498975067269439,1.0740152568422037,1.2586542520945894,1.2586542520945894,1.2586542520945894,0.49936346250449504,1.0740152568422037,1.0740152568422037,1.0740152568422037,1.0740152568422037,1.0740152568422037,udp_scan
0.9959998233475708,-0.5498975067269439,0.7944993617872821,1.2292150942578886,0.0,0.8185768303652898,0.9453278231379273,0.8185768303652896,1.2657580258456025,-1.0740152568422034,-1.0740152568422034,-0.71143163362698,0.0,0.0,-0.8722819620571747,-0.9664324848493213,0.8670257823782943,1.2657580258456025,0.0,0.7944993617872821,1.7561212371493518,0.0,0.0,-3.469446951953614e-18,0.0,0.0,0.0,0.0,0.0,0.5498975067269439,1.0740152568422037,-0.7944993617872822,-0.7944993617872822,-0.7944993617872822,0.49936346250449504,1.0740152568422037,1.0740152568422037,1.0740152568422037,1.0740152568422037,1.0740152568422037,normal
0.9959998233475708,-0.5498975067269439,-1.2586542520945894,-0.8296260807893979,0.0,-1.221632427042615,-0.1790809975033571,-1.2216324270426153,0.2772483954522413,-1.0740152568422034,-1.0740152568422034,-0.71143163362698,0.0,0.0,1.1471811032245511,1.1661595443085742,-1.1578672735905835,0.2772483954522413,0.0,-1.2586542520945894,-0.6339085515672855,0.0,0.0,-3.469446951953614e-18,0.0,0.0,0.0,0.0,0.0,0.5498975067269439,1.0740152568422037,1.2586542520945894,1.2586542520945894,1.2586542520945894,0.49936346250449504,1.0740152568422037,1.0740152568422037,1.0740152568422037,1.0740152568422037,1.0740152568422037,icmp_flood
0.9959998233475708,-0.5498975067269439,-1.2586542520945894,-1.391128219438658,0.0,-1.221632427042615,-1.0786080540163847,-1.2216324270426153,-1.2533471612858662,-1.0740152568422034,-1.0740152568422034,-0.71143163362698,0.0,0.0,1.1471811032245511,1.1661595443085742,-1.1578672735905835,-1.2533471612858662,0.0,-1.2586542520945894,-0.6339085515672855,0.0,0.0,-3.469446951953614e-18,0.0,0.0,0.0,0.0,0.0,0.5498975067269439,1.0740152568422037,1.2586542520945894,1.2586542520945894,1.2586542520945894,0.49936346250449504,1.0740152568422037,1.0740152568422037,1.0740152568422037,1.0740152568422037,1.0740152568422037,udp_scan
-0.8692550469368361,-0.5498975067269439,0.7944993617872821,0.24658635162168366,0.0,0.8185768303652898,-0.4789233496743663,0.8185768303652896,-0.36049975318863686,0.9310854698099713,0.9310854698099713,1.4056164397720938,0.0,0.0,-0.8722819620571747,-0.9664324848493213,0.8670257823782943,-0.36049975318863686,0.0,0.7944993617872821,1.7561212371493518,0.0,0.0,-3.469446951953614e-18,0.0,0.0,0.0,0.0,0.0,0.5498975067269439,-0.9310854698099713,-0.7944993617872822,-0.7944993617872822,-0.7944993617872822,0.49936346250449504,-0.9310854698099713,-0.9310854698099713,-0.9310854698099713,-0.9310854698099713,-0.9310854698099713,port_sweep
-0.8692550469368361,-0.5498975067269439,0.7944993617872821,0.24658635162168366,0.0,0.8185768303652898,-0.4789233496743663,0.8185768303652896,-0.36049975318863686,0.9310854698099713,0.9310854698099713,1.4056164397720938,0.0,0.0,-0.8722819620571747,-0.9664324848493213,0.8670257823782943,-0.36049975318863686,0.0,0.7944993617872821,-0.6948484711039364,0.0,0.0,-3.469446951953614e-18,0.0,0.0,0.0,0.0,0.0,0.5498975067269439,-0.9310854698099713,-0.7944993617872822,-0.7944993617872822,-0.7944993617872822,0.49936346250449504,-0.9310854698099713,-0.9310854698099713,-0.9310854698099713,-0.9310854698099713,-0.9310854698099713,syn_scan
-0.8692550469368361,-0.5498975067269439,0.7944993617872821,0.24658635162168366,0.0,0.8185768303652898,-0.4789233496743663,0.8185768303652896,-0.36049975318863686,0.9310854698099713,0.9310854698099713,1.4056164397720938,0.0,0.0,-0.8722819620571747,-0.9664324848493213,0.8670257823782943,-0.36049975318863686,0.0,0.7944993617872821,-0.46632377284149445,0.0,0.0,-3.469446951953614e-18,0.0,0.0,0.0,0.0,0.0,0.5498975067269439,-0.9310854698099713,-0.7944993617872822,-0.7944993617872822,-0.7944993617872822,0.49936346250449504,-0.9310854698099713,-0.9310854698099713,-0.9310854698099713,-0.9310854698099713,-0.9310854698099713,syn_scan
0.9959998233475708,-0.5498975067269439,-1.2586542520945894,-1.391128219438658,0.0,-1.221632427042615,-1.0786080540163847,-1.2216324270426153,-1.2533471612858662,-1.0740152568422034,-1.0740152568422034,-0.71143163362698,0.0,0.0,1.1471811032245511,1.1661595443085742,-1.1578672735905835,-1.2533471612858662,0.0,-1.2586542520945894,-0.6339085515672855,0.0,0.0,-3.469446951953614e-18,0.0,0.0,0.0,0.0,0.0,0.5498975067269439,1.0740152568422037,1.2586542520945894,1.2586542520945894,1.2586542520945894,0.49936346250449504,1.0740152568422037,1.0740152568422037,1.0740152568422037,1.0740152568422037,1.0740152568422037,udp_scan
0.9959998233475708,-0.5498975067269439,-1.2586542520945894,-0.31491578702757633,0.0,-1.221632427042615,0.6454854709669182,-1.2216324270426153,1.2657580258456025,-1.0740152568422034,-1.0740152568422034,-0.71143163362698,0.0,0.0,1.1471811032245511,1.1661595443085742,-1.1578672735905835,1.2657580258456025,0.0,-1.2586542520945894,-0.6339085515672855,0.0,0.0,-3.469446951953614e-18,0.0,0.0,0.0,0.0,0.0,0.5498975067269439,1.0740152568422037,1.2586542520945894,1.2586542520945894,1.2586542520945894,0.49936346250449504,1.0740152568422037,1.0740152568422037,1.0740152568422037,1.0740152568422037,1.0740152568422037,icmp_flood
-0.8692550469368361,-0.5498975067269439,0.7944993617872821,0.24658635162168366,0.0,0.8185768303652898,-0.4789233496743663,0.8185768303652896,-0.36049975318863686,0.9310854698099713,0.9310854698099713,1.4056164397720938,0.0,0.0,-0.8722819620571747,-0.9664324848493213,0.8670257823782943,-0.36049975318863686,0.0,0.7944993617872821,-0.7938758403509938,0.0,0.0,-3.469446951953614e-18,0.0,0.0,0.0,0.0,0.0,0.5498975067269439,-0.9310854698099713,-0.7944993617872822,-0.7944993617872822,-0.7944993617872822,0.49936346250449504,-0.9310854698099713,-0.9310854698099713,-0.9310854698099713,-0.9310854698099713,-0.9310854698099713,syn_scan
0.9959998233475708,-0.5498975067269439,-1.2586542520945894,-1.391128219438658,0.0,-1.221632427042615,-1.0786080540163847,-1.2216324270426153,-1.2533471612858662,-1.0740152568422034,-1.0740152568422034,-0.71143163362698,0.0,0.0,1.1471811032245511,1.1661595443085742,-1.1578672735905835,-1.2533471612858662,0.0,-1.2586542520945894,-0.6339085515672855,0.0,0.0,-3.469446951953614e-18,0.0,0.0,0.0,0.0,0.0,0.5498975067269439,1.0740152568422037,1.2586542520945894,1.2586542520945894,1.2586542520945894,0.49936346250449504,1.0740152568422037,1.0740152568422037,1.0740152568422037,1.0740152568422037,1.0740152568422037,udp_scan
-0.8692550469368361,1.8185207020706828,0.7944993617872821,1.2292150942578886,0.0,0.8185768303652898,1.5450125274799458,0.8185768303652896,1.2657580258456025,0.9310854698099713,0.9310854698099713,-0.71143163362698,0.0,0.0,-0.8722819620571747,-0.11339567318616328,0.8670257823782943,1.2657580258456025,0.0,0.7944993617872821,1.7561212371493518,0.0,0.0,-3.469446951953614e-18,0.0,0.0,0.0,0.0,0.0,-1.8185207020706826,-0.9310854698099713,-0.7944993617872822,-0.7944993617872822,-0.7944993617872822,-2.002549395553741,-0.9310854698099713,-0.9310854698099713,-0.9310854698099713,-0.9310854698099713,-0.9310854698099713,normal
-0.8692550469368361,-0.5498975067269439,0.7944993617872821,0.24658635162168366,0.0,0.8185768303652898,-0.4789233496743663,0.8185768303652896,-0.36049975318863686,0.9310854698099713,0.9310854698099713,1.4056164397720938,0.0,0.0,-0.8722819620571747,-0.9664324848493213,0.8670257823782943,-0.36049975318863686,0.0,0.7944993617872821,-0.6262910616252029,0.0,0.0,-3.469446951953614e-18,0.0,0.0,0.0,0.0,0.0,0.5498975067269439,-0.9310854698099713,-0.7944993617872822,-0.7944993617872822,-0.7944993617872822,0.49936346250449504,-0.9310854698099713,-0.9310854698099713,-0.9310854698099713,-0.9310854698099713,-0.9310854698099713,port_sweep
0.9959998233475708,-0.5498975067269439,-1.2586542520945894,-1.391128219438658,0.0,-1.221632427042615,-1.0786080540163847,-1.2216324270426153,-1.2533471612858662,-1.0740152568422034,-1.0740152568422034,-0.71143163362698,0.0,0.0,1.1471811032245511,1.1661595443085742,-1.1578672735905835,-1.2533471612858662,0.0,-1.2586542520945894,-0.6339085515672855,0.0,0.0,-3.469446951953614e-18,0.0,0.0,0.0,0.0,0.0,0.5498975067269439,1.0740152568422037,1.2586542520945894,1.2586542520945894,1.2586542520945894,0.49936346250449504,1.0740152568422037,1.0740152568422037,1.0740152568422037,1.0740152568422037,1.0740152568422037,udp_scan
-0.8692550469368361,-0.5498975067269439,0.7944993617872821,0.24658635162168366,0.0,0.8185768303652898,-0.4789233496743663,0.8185768303652896,-0.36049975318863686,0.9310854698099713,0.9310854698099713,1.4056164397720938,0.0,0.0,-0.8722819620571747,-0.9664324848493213,0.8670257823782943,-0.36049975318863686,0.0,0.7944993617872821,0.8134145374281757,0.0,0.0,-3.469446951953614e-18,0.0,0.0,0.0,0.0,0.0,0.5498975067269439,-0.9310854698099713,-0.7944993617872822,-0.7944993617872822,-0.7944993617872822,0.49936346250449504,-0.9310854698099713,-0.9310854698099713,-0.9310854698099713,-0.9310854698099713,-0.9310854698099713,port_sweep
-0.8692550469368361,1.8185207020706828,0.7944993617872821,1.2292150942578886,0.0,0.8185768303652898,1.5450125274799458,0.8185768303652896,1.2657580258456025,0.9310854698099713,0.9310854698099713,-0.71143163362698,0.0,0.0,-0.8722819620571747,-0.11339567318616328,0.8670257823782943,1.2657580258456025,0.0,0.7944993617872821,1.7561212371493518,0.0,0.0,-3.469446951953614e-18,0.0,0.0,0.0,0.0,0.0,-1.8185207020706826,-0.9310854698099713,-0.7944993617872822,-0.7944993617872822,-0.7944993617872822,-2.002549395553741,-0.9310854698099713,-0.9310854698099713,-0.9310854698099713,-0.9310854698099713,-0.9310854698099713,normal
-0.8692550469368361,1.8185207020706828,0.7944993617872821,1.2292150942578886,0.0,0.8185768303652898,1.5450125274799458,0.8185768303652896,1.2657580258456025,0.9310854698099713,0.9310854698099713,-0.71143163362698,0.0,0.0,-0.8722819620571747,-0.11339567318616328,0.8670257823782943,1.2657580258456025,0.0,0.7944993617872821,1.7561212371493518,0.0,0.0,-3.469446951953614e-18,0.0,0.0,0.0,0.0,0.0,-1.8185207020706826,-0.9310854698099713,-0.7944993617872822,-0.7944993617872822,-0.7944993617872822,-2.002549395553741,-0.9310854698099713,-0.9310854698099713,-0.9310854698099713,-0.9310854698099713,-0.9310854698099713,normal
-0.8692550469368361,-0.5498975067269439,0.7944993617872821,0.24658635162168366,0.0,0.8185768303652898,-0.4789233496743663,0.8185768303652896,-0.36049975318863686,0.9310854698099713,0.9310854698099713,1.4056164397720938,0.0,0.0,-0.8722819620571747,-0.9664324848493213,0.8670257823782943,-0.36049975318863686,0.0,0.7944993617872821,-0.6339085515672855,0.0,0.0,-3.469446951953614e-18,0.0,0.0,0.0,0.0,0.0,0.5498975067269439,-0.9310854698099713,-0.7944993617872822,-0.7944993617872822,-0.7944993617872822,0.49936346250449504,-0.9310854698099713,-0.9310854698099713,-0.9310854698099713,-0.9310854698099713,-0.9310854698099713,syn_scan
-1.7170981697933847,1.8185207020706828,0.7944993617872821,1.2292150942578886,0.0,-1.221632427042615,1.5450125274799458,-1.2216324270426153,1.2657580258456025,-1.0740152568422034,-1.0740152568422034,-0.71143163362698,0.0,0.0,1.1471811032245511,1.1661595443085742,-1.1578672735905835,1.2657580258456025,0.0,0.7944993617872821,1.7561212371493518,0.0,0.0,-3.469446951953614e-18,0.0,0.0,0.0,0.0,0.0,-1.8185207020706826,1.0740152568422037,-0.7944993617872822,-0.7944993617872822,-0.7944993617872822,0.49936346250449504,1.0740152568422037,1.0740152568422037,1.0740152568422037,1.0740152568422037,1.0740152568422037,port_sweep
-0.8692550469368361,1.8185207020706828,0.7944993617872821,1.2292150942578886,0.0,0.8185768303652898,1.5450125274799458,0.8185768303652896,1.2657580258456025,0.9310854698099713,0.9310854698099713,-0.71143163362698,0.0,0.0,-0.8722819620571747,-0.6617764806839078,0.8670257823782943,1.2657580258456025,0.0,0.7944993617872821,1.7402091470480756,0.0,0.0,-3.469446951953614e-18,0.0,0.0,0.0,0.0,0.0,-1.8185207020706826,-0.9310854698099713,-0.7944993617872822,-0.7944993617872822,-0.7944993617872822,-2.002549395553741,-0.9310854698099713,-0.9310854698099713,-0.9310854698099713,-0.9310854698099713,-0.9310854698099713,normal
0.9959998233475708,-0.5498975067269439,-1.2586542520945894,-0.8296260807893979,0.0,-1.221632427042615,-0.1790809975033571,-1.2216324270426153,0.2772483954522413,-1.0740152568422034,-1.0740152568422034,-0.71143163362698,0.0,0.0,1.1471811032245511,1.1661595443085742,-1.1578672735905835,0.2772483954522413,0.0,-1.2586542520945894,-0.6339085515672855,0.0,0.0,-3.469446951953614e-18,0.0,0.0,0.0,0.0,0.0,0.5498975067269439,1.0740152568422037,1.2586542520945894,1.2586542520945894,1.2586542520945894,0.49936346250449504,1.0740152568422037,1.0740152568422037,1.0740152568422037,1.0740152568422037,1.0740152568422037,icmp_flood
0.9959998233475708,-0.5498975067269439,-1.2586542520945894,-0.31491578702757633,0.0,-1.221632427042615,0.6454854709669182,-1.2216324270426153,1.2657580258456025,-1.0740152568422034,-1.0740152568422034,-0.71143163362698,0.0,0.0,1.1471811032245511,1.1661595443085742,-1.1578672735905835,1.2657580258456025,0.0,-1.2586542520945894,-0.6339085515672855,0.0,0.0,-3.469446951953614e-18,0.0,0.0,0.0,0.0,0.0,0.5498975067269439,1.0740152568422037,1.2586542520945894,1.2586542520945894,1.2586542520945894,0.49936346250449504,1.0740152568422037,1.0740152568422037,1.0740152568422037,1.0740152568422037,1.0740152568422037,icmp_flood
-0.8692550469368361,-0.5498975067269439,0.7944993617872821,0.24658635162168366,0.0,0.8185768303652898,-0.4789233496743663,0.8185768303652896,-0.36049975318863686,0.9310854698099713,0.9310854698099713,1.4056164397720938,0.0,0.0,-0.8722819620571747,-0.9664324848493213,0.8670257823782943,-0.36049975318863686,0.0,0.7944993617872821,-0.565351142088552,0.0,0.0,-3.469446951953614e-18,0.0,0.0,0.0,0.0,0.0,0.5498975067269439,-0.9310854698099713,-0.7944993617872822,-0.7944993617872822,-0.7944993617872822,0.49936346250449504,-0.9310854698099713,-0.9310854698099713,-0.9310854698099713,-0.9310854698099713,-0.9310854698099713,syn_scan
-0.8692550469368361,-0.5498975067269439,0.7944993617872821,0.24658635162168366,0.0,0.8185768303652898,-0.4789233496743663,0.8185768303652896,-0.36049975318863686,0.9310854698099713,0.9310854698099713,1.4056164397720938,0.0,0.0,-0.8722819620571747,-0.9664324848493213,0.8670257823782943,-0.36049975318863686,0.0,0.7944993617872821,-0.8243458001193178,0.0,0.0,-3.469446951953614e-18,0.0,0.0,0.0,0.0,0.0,0.5498975067269439,-0.9310854698099713,-0.7944993617872822,-0.7944993617872822,-0.7944993617872822,0.49936346250449504,-0.9310854698099713,-0.9310854698099713,-0.9310854698099713,-0.9310854698099713,-0.9310854698099713,syn_scan
-0.8692550469368361,-0.5498975067269439,0.7944993617872821,0.24658635162168366,0.0,0.8185768303652898,-0.4789233496743663,0.8185768303652896,-0.36049975318863686,0.9310854698099713,0.9310854698099713,1.4056164397720938,0.0,0.0,-0.8722819620571747,-0.9664324848493213,0.8670257823782943,-0.36049975318863686,0.0,0.7944993617872821,1.7561212371493518,0.0,0.0,-3.469446951953614e-18,0.0,0.0,0.0,0.0,0.0,0.5498975067269439,-0.9310854698099713,-0.7944993617872822,-0.7944993617872822,-0.7944993617872822,0.49936346250449504,-0.9310854698099713,-0.9310854698099713,-0.9310854698099713,-0.9310854698099713,-0.9310854698099713,port_sweep
0.9959998233475708,-0.5498975067269439,-1.2586542520945894,-1.391128219438658,0.0,-1.221632427042615,-1.0786080540163847,-1.2216324270426153,-1.2533471612858662,-1.0740152568422034,-1.0740152568422034,-0.71143163362698,0.0,0.0,1.1471811032245511,1.1661595443085742,-1.1578672735905835,-1.2533471612858662,0.0,-1.2586542520945894,-0.6339085515672855,0.0,0.0,-3.469446951953614e-18,0.0,0.0,0.0,0.0,0.0,0.5498975067269439,1.0740152568422037,1.2586542520945894,1.2586542520945894,1.2586542520945894,0.49936346250449504,1.0740152568422037,1.0740152568422037,1.0740152568422037,1.0740152568422037,1.0740152568422037,udp_scan
0.9959998233475708,-0.5498975067269439,-1.2586542520945894,-0.8296260807893979,0.0,-1.221632427042615,-0.1790809975033571,-1.2216324270426153,0.2772483954522413,-1.0740152568422034,-1.0740152568422034,-0.71143163362698,0.0,0.0,1.1471811032245511,1.1661595443085742,-1.1578672735905835,0.2772483954522413,0.0,-1.2586542520945894,-0.6339085515672855,0.0,0.0,-3.469446951953614e-18,0.0,0.0,0.0,0.0,0.0,0.5498975067269439,1.0740152568422037,1.2586542520945894,1.2586542520945894,1.2586542520945894,0.49936346250449504,1.0740152568422037,1.0740152568422037,1.0740152568422037,1.0740152568422037,1.0740152568422037,icmp_flood
0.9959998233475708,-0.5498975067269439,-1.2586542520945894,-1.391128219438658,0.0,-1.221632427042615,-1.0786080540163847,-1.2216324270426153,-1.2533471612858662,-1.0740152568422034,-1.0740152568422034,-0.71143163362698,0.0,0.0,1.1471811032245511,1.1661595443085742,-1.1578672735905835,-1.2533471612858662,0.0,-1.2586542520945894,-0.6339085515672855,0.0,0.0,-3.469446951953614e-18,0.0,0.0,0.0,0.0,0.0,0.5498975067269439,1.0740152568422037,1.2586542520945894,1.2586542520945894,1.2586542520945894,0.49936346250449504,1.0740152568422037,1.0740152568422037,1.0740152568422037,1.0740152568422037,1.0740152568422037,udp_scan
-0.8692550469368361,-0.5498975067269439,0.7944993617872821,0.24658635162168366,0.0,0.8185768303652898,-0.4789233496743663,0.8185768303652896,-0.36049975318863686,0.9310854698099713,0.9310854698099713,1.4056164397720938,0.0,0.0,-0.8722819620571747,-0.9664324848493213,0.8670257823782943,-0.36049975318863686,0.0,0.7944993617872821,0.3335126710770505,0.0,0.0,-3.469446951953614e-18,0.0,0.0,0.0,0.0,0.0,0.5498975067269439,-0.9310854698099713,-0.7944993617872822,-0.7944993617872822,-0.7944993617872822,0.49936346250449504,-0.9310854698099713,-0.9310854698099713,-0.9310854698099713,-0.9310854698099713,-0.9310854698099713,port_sweep
-0.8692550469368361,-0.5498975067269439,0.7944993617872821,0.24658635162168366,0.0,0.8185768303652898,-0.4789233496743663,0.8185768303652896,-0.36049975318863686,0.9310854698099713,0.9310854698099713,1.4056164397720938,0.0,0.0,-0.8722819620571747,-0.9664324848493213,0.8670257823782943,-0.36049975318863686,0.0,0.7944993617872821,-0.43585381307316745,0.0,0.0,-3.469446951953614e-18,0.0,0.0,0.0,0.0,0.0,0.5498975067269439,-0.9310854698099713,-0.7944993617872822,-0.7944993617872822,-0.7944993617872822,0.49936346250449504,-0.9310854698099713,-0.9310854698099713,-0.9310854698099713,-0.9310854698099713,-0.9310854698099713,syn_scan
-0.8692550469368361,-0.5498975067269439,0.7944993617872821,0.24658635162168366,0.0,0.8185768303652898,-0.4789233496743663,0.8185768303652896,-0.36049975318863686,0.9310854698099713,0.9310854698099713,1.4056164397720938,0.0,0.0,-0.8722819620571747,-0.9664324848493213,0.8670257823782943,-0.36049975318863686,0.0,0.7944993617872821,-0.3749138935365165,0.0,0.0,-3.469446951953614e-18,0.0,0.0,0.0,0.0,0.0,0.5498975067269439,-0.9310854698099713,-0.7944993617872822,-0.7944993617872822,-0.7944993617872822,0.49936346250449504,-0.9310854698099713,-0.9310854698099713,-0.9310854698099713,-0.9310854698099713,-0.9310854698099713,syn_scan
-0.8692550469368361,1.8185207020706828,0.7944993617872821,1.2292150942578886,0.0,0.8185768303652898,1.5450125274799458,0.8185768303652896,1.2657580258456025,0.9310854698099713,0.9310854698099713,-0.71143163362698,0.0,0.0,-0.8722819620571747,-0.11339567318616328,0.8670257823782943,1.2657580258456025,0.0,0.7944993617872821,1.7561212371493518,0.0,0.0,-3.469446951953614e-18,0.0,0.0,0.0,0.0,0.0,-1.8185207020706826,-0.9310854698099713,-0.7944993617872822,-0.7944993617872822,-0.7944993617872822,-2.002549395553741,-0.9310854698099713,-0.9310854698099713,-0.9310854698099713,-0.9310854698099713,-0.9310854698099713,normal
0.9959998233475708,-0.5498975067269439,-1.2586542520945894,-1.391128219438658,0.0,-1.221632427042615,-1.0786080540163847,-1.2216324270426153,-1.2533471612858662,-1.0740152568422034,-1.0740152568422034,-0.71143163362698,0.0,0.0,1.1471811032245511,1.1661595443085742,-1.1578672735905835,-1.2533471612858662,0.0,-1.2586542520945894,-0.6339085515672855,0.0,0.0,-3.469446951953614e-18,0.0,0.0,0.0,0.0,0.0,0.5498975067269439,1.0740152568422037,1.2586542520945894,1.2586542520945894,1.2586542520945894,0.49936346250449504,1.0740152568422037,1.0740152568422037,1.0740152568422037,1.0740152568422037,1.0740152568422037,udp_scan
-0.8692550469368361,1.8185207020706828,0.7944993617872821,1.2292150942578886,0.0,0.8185768303652898,1.5450125274799458,0.8185768303652896,1.2657580258456025,0.9310854698099713,0.9310854698099713,-0.71143163362698,0.0,0.0,1.1471811032245511,-0.3045935792485952,0.8670257823782943,1.2657580258456025,0.0,0.7944993617872821,1.7561212371493518,0.0,0.0,-3.469446951953614e-18,0.0,0.0,0.0,0.0,0.0,-1.8185207020706826,-0.9310854698099713,-0.7944993617872822,-0.7944993617872822,-0.7944993617872822,-2.002549395553741,-0.9310854698099713,-0.9310854698099713,-0.9310854698099713,-0.9310854698099713,-0.9310854698099713,normal
-0.8692550469368361,1.8185207020706828,0.7944993617872821,1.2292150942578886,0.0,0.8185768303652898,1.5450125274799458,0.8185768303652896,1.2657580258456025,0.9310854698099713,0.9310854698099713,-0.71143163362698,0.0,0.0,-0.8722819620571747,-0.11339567318616328,0.8670257823782943,1.2657580258456025,0.0,0.7944993617872821,1.7561212371493518,0.0,0.0,-3.469446951953614e-18,0.0,0.0,0.0,0.0,0.0,-1.8185207020706826,-0.9310854698099713,-0.7944993617872822,-0.7944993617872822,-0.7944993617872822,-2.002549395553741,-0.9310854698099713,-0.9310854698099713,-0.9310854698099713,-0.9310854698099713,-0.9310854698099713,normal
-0.8692550469368361,1.8185207020706828,0.7944993617872821,1.2292150942578886,0.0,0.8185768303652898,1.5450125274799458,0.8185768303652896,1.2186861386840144,0.9310854698099713,0.9310854698099713,-0.71143163362698,0.0,0.0,-0.8722819620571747,-0.9664324848493213,-1.1578672735905835,1.2186861386840135,0.0,0.7944993617872821,1.7561212371493518,0.0,0.0,-3.469446951953614e-18,0.0,0.0,0.0,0.0,0.0,-1.8185207020706826,-0.9310854698099713,-0.7944993617872822,-0.7944993617872822,-0.7944993617872822,-2.002549395553741,-0.9310854698099713,-0.9310854698099713,-0.9310854698099713,-0.9310854698099713,-0.9310854698099713,normal
0.9959998233475708,1.8185207020706828,0.7944993617872821,1.2292150942578886,0.0,0.8185768303652898,1.0577687052020557,0.8185768303652896,1.2657580258456025,-1.0740152568422034,-1.0740152568422034,-0.71143163362698,0.0,0.0,-0.8722819620571747,-0.9664324848493213,0.8670257823782943,1.2657580258456025,0.0,0.7944993617872821,1.7561212371493518,0.0,0.0,-3.469446951953614e-18,0.0,0.0,0.0,0.0,0.0,-1.8185207020706826,1.0740152568422037,-0.7944993617872822,-0.7944993617872822,-0.7944993617872822,0.49936346250449504,1.0740152568422037,1.0740152568422037,1.0740152568422037,1.0740152568422037,1.0740152568422037,normal
0.9959998233475708,-0.5498975067269439,-1.2586542520945894,-1.391128219438658,0.0,-1.221632427042615,-1.0786080540163847,-1.2216324270426153,-1.2533471612858662,-1.0740152568422034,-1.0740152568422034,-0.71143163362698,0.0,0.0,1.1471811032245511,1.1661595443085742,-1.1578672735905835,-1.2533471612858662,0.0,-1.2586542520945894,-0.6339085515672855,0.0,0.0,-3.469446951953614e-18,0.0,0.0,0.0,0.0,0.0,0.5498975067269439,1.0740152568422037,1.2586542520945894,1.2586542520945894,1.2586542520945894,0.49936346250449504,1.0740152568422037,1.0740152568422037,1.0740152568422037,1.0740152568422037,1.0740152568422037,udp_scan
0.9959998233475708,-0.5498975067269439,-1.2586542520945894,-0.31491578702757633,0.0,-1.221632427042615,0.6454854709669182,-1.2216324270426153,1.2657580258456025,-1.0740152568422034,-1.0740152568422034,-0.71143163362698,0.0,0.0,1.1471811032245511,1.1661595443085742,-1.1578672735905835,1.2657580258456025,0.0,-1.2586542520945894,-0.6339085515672855,0.0,0.0,-3.469446951953614e-18,0.0,0.0,0.0,0.0,0.0,0.5498975067269439,1.0740152568422037,1.2586542520945894,1.2586542520945894,1.2586542520945894,0.49936346250449504,1.0740152568422037,1.0740152568422037,1.0740152568422037,1.0740152568422037,1.0740152568422037,icmp_flood
-0.8692550469368361,-0.5498975067269439,0.7944993617872821,0.24658635162168366,0.0,0.8185768303652898,-0.4789233496743663,0.8185768303652896,-0.36049975318863686,0.9310854698099713,0.9310854698099713,1.4056164397720938,0.0,0.0,-0.8722819620571747,-0.9664324848493213,0.8670257823782943,-0.36049975318863686,0.0,0.7944993617872821,-0.6948484711039364,0.0,0.0,-3.469446951953614e-18,0.0,0.0,0.0,0.0,0.0,0.5498975067269439,-0.9310854698099713,-0.7944993617872822,-0.7944993617872822,-0.7944993617872822,0.49936346250449504,-0.9310854698099713,-0.9310854698099713,-0.9310854698099713,-0.9310854698099713,-0.9310854698099713,syn_scan
0.9959998233475708,-0.5498975067269439,-1.2586542520945894,-1.391128219438658,0.0,-1.221632427042615,-1.0786080540163847,-1.2216324270426153,-1.2533471612858662,-1.0740152568422034,-1.0740152568422034,-0.71143163362698,0.0,0.0,1.1471811032245511,1.1661595443085742,-1.1578672735905835,-1.2533471612858662,0.0,-1.2586542520945894,-0.6339085515672855,0.0,0.0,-3.469446951953614e-18,0.0,0.0,0.0,0.0,0.0,0.5498975067269439,1.0740152568422037,1.2586542520945894,1.2586542520945894,1.2586542520945894,0.49936346250449504,1.0740152568422037,1.0740152568422037,1.0740152568422037,1.0740152568422037,1.0740152568422037,udp_scan
-0.8692550469368361,1.8185207020706828,0.7944993617872821,1.2292150942578886,0.0,0.8185768303652898,1.5450125274799458,0.8185768303652896,1.2657580258456025,0.9310854698099713,0.9310854698099713,-0.71143163362698,0.0,0.0,-0.8722819620571747,-0.8888836837890342,0.8670257823782943,1.2657580258456025,0.0,0.7944993617872821,0.5217834775354648,0.0,0.0,-3.469446951953614e-18,0.0,0.0,0.0,0.0,0.0,-1.8185207020706826,-0.9310854698099713,-0.7944993617872822,-0.7944993617872822,-0.7944993617872822,-2.002549395553741,-0.9310854698099713,-0.9310854698099713,-0.9310854698099713,-0.9310854698099713,-0.9310854698099713,normal
-0.8692550469368361,-0.5498975067269439,0.7944993617872821,0.24658635162168366,0.0,0.8185768303652898,-0.4789233496743663,0.8185768303652896,-0.36049975318863686,0.9310854698099713,0.9310854698099713,1.4056164397720938,0.0,0.0,-0.8722819620571747,-0.9664324848493213,0.8670257823782943,-0.36049975318863686,0.0,0.7944993617872821,-0.5729686320306345,0.0,0.0,-3.469446951953614e-18,0.0,0.0,0.0,0.0,0.0,0.5498975067269439,-0.9310854698099713,-0.7944993617872822,-0.7944993617872822,-0.7944993617872822,0.49936346250449504,-0.9310854698099713,-0.9310854698099713,-0.9310854698099713,-0.9310854698099713,-0.9310854698099713,syn_scan
0.9959998233475708,-0.5498975067269439,-1.2586542520945894,-0.31491578702757633,0.0,-1.221632427042615,0.6454854709669182,-1.2216324270426153,1.2657580258456025,-1.0740152568422034,-1.0740152568422034,-0.71143163362698,0.0,0.0,1.1471811032245511,1.1661595443085742,-1.1578672735905835,1.2657580258456025,0.0,-1.2586542520945894,-0.6339085515672855,0.0,0.0,-3.469446951953614e-18,0.0,0.0,0.0,0.0,0.0,0.5498975067269439,1.0740152568422037,1.2586542520945894,1.2586542520945894,1.2586542520945894,0.49936346250449504,1.0740152568422037,1.0740152568422037,1.0740152568422037,1.0740152568422037,1.0740152568422037,icmp_flood
-0.8692550469368361,1.8185207020706828,0.7944993617872821,1.2292150942578886,0.0,0.8185768303652898,1.5450125274799458,0.8185768303652896,1.2657580258456025,0.9310854698099713,0.9310854698099713,-0.71143163362698,0.0,0.0,-0.8722819620571747,-0.11339567318616328,0.8670257823782943,1.2657580258456025,0.0,0.7944993617872821,1.7561212371493518,0.0,0.0,-3.469446951953614e-18,0.0,0.0,0.0,0.0,0.0,-1.8185207020706826,-0.9310854698099713,-0.7944993617872822,-0.7944993617872822,-0.7944993617872822,-2.002549395553741,-0.9310854698099713,-0.9310854698099713,-0.9310854698099713,-0.9310854698099713,-0.9310854698099713,normal
0.9959998233475708,-0.5498975067269439,-1.2586542520945894,-0.31491578702757633,0.0,-1.221632427042615,0.6454854709669182,-1.2216324270426153,1.2657580258456025,-1.0740152568422034,-1.0740152568422034,-0.71143163362698,0.0,0.0,1.1471811032245511,1.1661595443085742,-1.1578672735905835,1.2657580258456025,0.0,-1.2586542520945894,-0.6339085515672855,0.0,0.0,-3.469446951953614e-18,0.0,0.0,0.0,0.0,0.0,0.5498975067269439,1.0740152568422037,1.2586542520945894,1.2586542520945894,1.2586542520945894,0.49936346250449504,1.0740152568422037,1.0740152568422037,1.0740152568422037,1.0740152568422037,1.0740152568422037,icmp_flood
0.9959998233475708,-0.5498975067269439,-1.2586542520945894,-1.391128219438658,0.0,-1.221632427042615,-1.0786080540163847,-1.2216324270426153,-1.2533471612858662,-1.0740152568422034,-1.0740152568422034,-0.71143163362698,0.0,0.0,1.1471811032245511,1.1661595443085742,-1.1578672735905835,-1.2533471612858662,0.0,-1.2586542520945894,-0.6339085515672855,0.0,0.0,-3.469446951953614e-18,0.0,0.0,0.0,0.0,0.0,0.5498975067269439,1.0740152568422037,1.2586542520945894,1.2586542520945894,1.2586542520945894,0.49936346250449504,1.0740152568422037,1.0740152568422037,1.0740152568422037,1.0740152568422037,1.0740152568422037,udp_scan
0.9959998233475708,-0.5498975067269439,-1.2586542520945894,-1.391128219438658,0.0,-1.221632427042615,-1.0786080540163847,-1.2216324270426153,-1.2533471612858662,-1.0740152568422034,-1.0740152568422034,-0.71143163362698,0.0,0.0,1.1471811032245511,1.1661595443085742,-1.1578672735905835,-1.2533471612858662,0.0,-1.2586542520945894,-0.6339085515672855,0.0,0.0,-3.469446951953614e-18,0.0,0.0,0.0,0.0,0.0,0.5498975067269439,1.0740152568422037,1.2586542520945894,1.2586542520945894,1.2586542520945894,0.49936346250449504,1.0740152568422037,1.0740152568422037,1.0740152568422037,1.0740152568422037,1.0740152568422037,udp_scan
0.9959998233475708,-0.5498975067269439,-1.2586542520945894,-1.391128219438658,0.0,-1.221632427042615,-1.0786080540163847,-1.2216324270426153,-1.2533471612858662,-1.0740152568422034,-1.0740152568422034,-0.71143163362698,0.0,0.0,1.1471811032245511,1.1661595443085742,-1.1578672735905835,-1.2533471612858662,0.0,-1.2586542520945894,-0.6339085515672855,0.0,0.0,-3.469446951953614e-18,0.0,0.0,0.0,0.0,0.0,0.5498975067269439,1.0740152568422037,1.2586542520945894,1.2586542520945894,1.2586542520945894,0.49936346250449504,1.0740152568422037,1.0740152568422037,1.0740152568422037,1.0740152568422037,1.0740152568422037,udp_scan
-0.8692550469368361,-0.5498975067269439,0.7944993617872821,0.24658635162168366,0.0,0.8185768303652898,-0.4789233496743663,0.8185768303652896,-0.36049975318863686,0.9310854698099713,0.9310854698099713,1.4056164397720938,0.0,0.0,-0.8722819620571747,-0.9664324848493213,0.8670257823782943,-0.36049975318863686,0.0,0.7944993617872821,-0.595821101856879,0.0,0.0,-3.469446951953614e-18,0.0,0.0,0.0,0.0,0.0,0.5498975067269439,-0.9310854698099713,-0.7944993617872822,-0.7944993617872822,-0.7944993617872822,0.49936346250449504,-0.9310854698099713,-0.9310854698099713,-0.9310854698099713,-0.9310854698099713,-0.9310854698099713,port_sweep
-0.8692550469368361,-0.5498975067269439,0.7944993617872821,0.24658635162168366,0.0,0.8185768303652898,-0.4789233496743663,0.8185768303652896,-0.36049975318863686,0.9310854698099713,0.9310854698099713,1.4056164397720938,0.0,0.0,-0.8722819620571747,-0.9664324848493213,0.8670257823782943,-0.36049975318863686,0.0,0.7944993617872821,-0.46632377284149445,0.0,0.0,-3.469446951953614e-18,0.0,0.0,0.0,0.0,0.0,0.5498975067269439,-0.9310854698099713,-0.7944993617872822,-0.7944993617872822,-0.7944993617872822,0.49936346250449504,-0.9310854698099713,-0.9310854698099713,-0.9310854698099713,-0.9310854698099713,-0.9310854698099713,syn_scan
0.9959998233475708,-0.5498975067269439,-1.2586542520945894,-1.391128219438658,0.0,-1.221632427042615,-1.0786080540163847,-1.2216324270426153,-1.2533471612858662,-1.0740152568422034,-1.0740152568422034,-0.71143163362698,0.0,0.0,1.1471811032245511,1.1661595443085742,-1.1578672735905835,-1.2533471612858662,0.0,-1.2586542520945894,-0.6339085515672855,0.0,0.0,-3.469446951953614e-18,0.0,0.0,0.0,0.0,0.0,0.5498975067269439,1.0740152568422037,1.2586542520945894,1.2586542520945894,1.2586542520945894,0.49936346250449504,1.0740152568422037,1.0740152568422037,1.0740152568422037,1.0740152568422037,1.0740152568422037,udp_scan
0.9959998233475708,-0.5498975067269439,-1.2586542520945894,-1.391128219438658,0.0,-1.221632427042615,-1.0786080540163847,-1.2216324270426153,-1.2533471612858662,-1.0740152568422034,-1.0740152568422034,-0.71143163362698,0.0,0.0,1.1471811032245511,1.1661595443085742,-1.1578672735905835,-1.2533471612858662,0.0,-1.2586542520945894,-0.6339085515672855,0.0,0.0,-3.469446951953614e-18,0.0,0.0,0.0,0.0,0.0,0.5498975067269439,1.0740152568422037,1.2586542520945894,1.2586542520945894,1.2586542520945894,0.49936346250449504,1.0740152568422037,1.0740152568422037,1.0740152568422037,1.0740152568422037,1.0740152568422037,udp_scan
-0.8692550469368361,-0.5498975067269439,0.7944993617872821,0.24658635162168366,0.0,0.8185768303652898,-0.4789233496743663,0.8185768303652896,-0.36049975318863686,0.9310854698099713,0.9310854698099713,1.4056164397720938,0.0,0.0,-0.8722819620571747,-0.9664324848493213,0.8670257823782943,-0.36049975318863686,0.0,0.7944993617872821,-0.7253184308722602,0.0,0.0,-3.469446951953614e-18,0.0,0.0,0.0,0.0,0.0,0.5498975067269439,-0.9310854698099713,-0.7944993617872822,-0.7944993617872822,-0.7944993617872822,0.49936346250449504,-0.9310854698099713,-0.9310854698099713,-0.9310854698099713,-0.9310854698099713,-0.9310854698099713,syn_scan
-0.8692550469368361,-0.5498975067269439,0.7944993617872821,0.24658635162168366,0.0,0.8185768303652898,-0.4789233496743663,0.8185768303652896,-0.36049975318863686,0.9310854698099713,0.9310854698099713,1.4056164397720938,0.0,0.0,-0.8722819620571747,-0.9664324848493213,0.8670257823782943,-0.36049975318863686,0.0,0.7944993617872821,-0.7862583504089112,0.0,0.0,-3.469446951953614e-18,0.0,0.0,0.0,0.0,0.0,0.5498975067269439,-0.9310854698099713,-0.7944993617872822,-0.7944993617872822,-0.7944993617872822,0.49936346250449504,-0.9310854698099713,-0.9310854698099713,-0.9310854698099713,-0.9310854698099713,-0.9310854698099713,syn_scan
-0.8692550469368361,-0.5498975067269439,0.7944993617872821,0.24658635162168366,0.0,0.8185768303652898,-0.4789233496743663,0.8185768303652896,-0.36049975318863686,0.9310854698099713,0.9310854698099713,1.4056164397720938,0.0,0.0,-0.8722819620571747,-0.9664324848493213,0.8670257823782943,-0.36049975318863686,0.0,0.7944993617872821,1.7561212371493518,0.0,0.0,-3.469446951953614e-18,0.0,0.0,0.0,0.0,0.0,0.5498975067269439,-0.9310854698099713,-0.7944993617872822,-0.7944993617872822,-0.7944993617872822,0.49936346250449504,-0.9310854698099713,-0.9310854698099713,-0.9310854698099713,-0.9310854698099713,-0.9310854698099713,port_sweep
-0.8692550469368361,-0.5498975067269439,0.7944993617872821,0.24658635162168366,0.0,0.8185768303652898,-0.4789233496743663,0.8185768303652896,-0.36049975318863686,0.9310854698099713,0.9310854698099713,1.4056164397720938,0.0,0.0,-0.8722819620571747,-0.9664324848493213,0.8670257823782943,-0.36049975318863686,0.0,0.7944993617872821,0.01357809350963052,0.0,0.0,-3.469446951953614e-18,0.0,0.0,0.0,0.0,0.0,0.5498975067269439,-0.9310854698099713,-0.7944993617872822,-0.7944993617872822,-0.7944993617872822,0.49936346250449504,-0.9310854698099713,-0.9310854698099713,-0.9310854698099713,-0.9310854698099713,-0.9310854698099713,port_sweep
-0.8692550469368361,-0.5498975067269439,0.7944993617872821,0.24658635162168366,0.0,0.8185768303652898,-0.4789233496743663,0.8185768303652896,-0.36049975318863686,0.9310854698099713,0.9310854698099713,1.4056164397720938,0.0,0.0,-0.8722819620571747,-0.9664324848493213,0.8670257823782943,-0.36049975318863686,0.0,0.7944993617872821,-0.8243458001193178,0.0,0.0,-3.469446951953614e-18,0.0,0.0,0.0,0.0,0.0,0.5498975067269439,-0.9310854698099713,-0.7944993617872822,-0.7944993617872822,-0.7944993617872822,0.49936346250449504,-0.9310854698099713,-0.9310854698099713,-0.9310854698099713,-0.9310854698099713,-0.9310854698099713,syn_scan
0.9959998233475708,-0.5498975067269439,-1.2586542520945894,-1.391128219438658,0.0,-1.221632427042615,-1.0786080540163847,-1.2216324270426153,-1.2533471612858662,-1.0740152568422034,-1.0740152568422034,-0.71143163362698,0.0,0.0,1.1471811032245511,1.1661595443085742,-1.1578672735905835,-1.2533471612858662,0.0,-1.2586542520945894,-0.6339085515672855,0.0,0.0,-3.469446951953614e-18,0.0,0.0,0.0,0.0,0.0,0.5498975067269439,1.0740152568422037,1.2586542520945894,1.2586542520945894,1.2586542520945894,0.49936346250449504,1.0740152568422037,1.0740152568422037,1.0740152568422037,1.0740152568422037,1.0740152568422037,udp_scan
-0.8692550469368361,-0.5498975067269439,0.7944993617872821,0.24658635162168366,0.0,0.8185768303652898,-0.4789233496743663,0.8185768303652896,-0.36049975318863686,0.9310854698099713,0.9310854698099713,1.4056164397720938,0.0,0.0,-0.8722819620571747,-0.9664324848493213,0.8670257823782943,-0.36049975318863686,0.0,0.7944993617872821,-0.7253184308722602,0.0,0.0,-3.469446951953614e-18,0.0,0.0,0.0,0.0,0.0,0.5498975067269439,-0.9310854698099713,-0.7944993617872822,-0.7944993617872822,-0.7944993617872822,0.49936346250449504,-0.9310854698099713,-0.9310854698099713,-0.9310854698099713,-0.9310854698099713,-0.9310854698099713,syn_scan
0.9959998233475708,-0.5498975067269439,-1.2586542520945894,-1.391128219438658,0.0,-1.221632427042615,-1.0786080540163847,-1.2216324270426153,-1.2533471612858662,-1.0740152568422034,-1.0740152568422034,-0.71143163362698,0.0,0.0,1.1471811032245511,1.1661595443085742,-1.1578672735905835,-1.2533471612858662,0.0,-1.2586542520945894,-0.6339085515672855,0.0,0.0,-3.469446951953614e-18,0.0,0.0,0.0,0.0,0.0,0.5498975067269439,1.0740152568422037,1.2586542520945894,1.2586542520945894,1.2586542520945894,0.49936346250449504,1.0740152568422037,1.0740152568422037,1.0740152568422037,1.0740152568422037,1.0740152568422037,udp_scan
0.9959998233475708,-0.5498975067269439,-1.2586542520945894,-1.391128219438658,0.0,-1.221632427042615,-1.0786080540163847,-1.2216324270426153,-1.2533471612858662,-1.0740152568422034,-1.0740152568422034,-0.71143163362698,0.0,0.0,1.1471811032245511,1.1661595443085742,-1.1578672735905835,-1.2533471612858662,0.0,-1.2586542520945894,-0.6339085515672855,0.0,0.0,-3.469446951953614e-18,0.0,0.0,0.0,0.0,0.0,0.5498975067269439,1.0740152568422037,1.2586542520945894,1.2586542520945894,1.2586542520945894,0.49936346250449504,1.0740152568422037,1.0740152568422037,1.0740152568422037,1.0740152568422037,1.0740152568422037,udp_scan
-0.8692550469368361,-0.5498975067269439,0.7944993617872821,0.24658635162168366,0.0,0.8185768303652898,-0.4789233496743663,0.8185768303652896,-0.36049975318863686,0.9310854698099713,0.9310854698099713,1.4056164397720938,0.0,0.0,-0.8722819620571747,-0.9664324848493213,0.8670257823782943,-0.36049975318863686,0.0,0.7944993617872821,-0.3749138935365165,0.0,0.0,-3.469446951953614e-18,0.0,0.0,0.0,0.0,0.0,0.5498975067269439,-0.9310854698099713,-0.7944993617872822,-0.7944993617872822,-0.7944993617872822,0.49936346250449504,-0.9310854698099713,-0.9310854698099713,-0.9310854698099713,-0.9310854698099713,-0.9310854698099713,syn_scan
-0.8692550469368361,-0.5498975067269439,0.7944993617872821,0.24658635162168366,0.0,0.8185768303652898,-0.4789233496743663,0.8185768303652896,-0.36049975318863686,0.9310854698099713,0.9310854698099713,1.4056164397720938,0.0,0.0,-0.8722819620571747,-0.9664324848493213,0.8670257823782943,-0.36049975318863686,0.0,0.7944993617872821,-0.7938758403509938,0.0,0.0,-3.469446951953614e-18,0.0,0.0,0.0,0.0,0.0,0.5498975067269439,-0.9310854698099713,-0.7944993617872822,-0.7944993617872822,-0.7944993617872822,0.49936346250449504,-0.9310854698099713,-0.9310854698099713,-0.9310854698099713,-0.9310854698099713,-0.9310854698099713,syn_scan
-0.8692550469368361,-0.5498975067269439,0.7944993617872821,0.24658635162168366,0.0,0.8185768303652898,-0.4789233496743663,0.8185768303652896,-0.36049975318863686,0.9310854698099713,0.9310854698099713,1.4056164397720938,0.0,0.0,-0.8722819620571747,-0.9664324848493213,0.8670257823782943,-0.36049975318863686,0.0,0.7944993617872821,-0.8243458001193178,0.0,0.0,-3.469446951953614e-18,0.0,0.0,0.0,0.0,0.0,0.5498975067269439,-0.9310854698099713,-0.7944993617872822,-0.7944993617872822,-0.7944993617872822,0.49936346250449504,-0.9310854698099713,-0.9310854698099713,-0.9310854698099713,-0.9310854698099713,-0.9310854698099713,syn_scan
-0.8692550469368361,-0.5498975067269439,0.7944993617872821,0.24658635162168366,0.0,0.8185768303652898,-0.4789233496743663,0.8185768303652896,-0.36049975318863686,0.9310854698099713,0.9310854698099713,1.4056164397720938,0.0,0.0,-0.8722819620571747,-0.9664324848493213,0.8670257823782943,-0.36049975318863686,0.0,0.7944993617872821,-0.565351142088552,0.0,0.0,-3.469446951953614e-18,0.0,0.0,0.0,0.0,0.0,0.5498975067269439,-0.9310854698099713,-0.7944993617872822,-0.7944993617872822,-0.7944993617872822,0.49936346250449504,-0.9310854698099713,-0.9310854698099713,-0.9310854698099713,-0.9310854698099713,-0.9310854698099713,port_sweep
-0.8692550469368361,1.8185207020706828,0.7944993617872821,1.2292150942578886,0.0,0.8185768303652898,1.5450125274799458,0.8185768303652896,1.2657580258456025,0.9310854698099713,0.9310854698099713,-0.71143163362698,0.0,0.0,-0.8722819620571747,-0.9664324848493213,0.8670257823782943,1.2657580258456025,0.0,0.7944993617872821,-0.27947693356152437,0.0,0.0,-3.469446951953614e-18,0.0,0.0,0.0,0.0,0.0,-1.8185207020706826,-0.9310854698099713,-0.7944993617872822,-0.7944993617872822,-0.7944993617872822,-2.002549395553741,-0.9310854698099713,-0.9310854698099713,-0.9310854698099713,-0.9310854698099713,-0.9310854698099713,normal
0.9959998233475708,-0.5498975067269439,-1.2586542520945894,-0.8296260807893979,0.0,-1.221632427042615,-0.1790809975033571,-1.2216324270426153,0.2772483954522413,-1.0740152568422034,-1.0740152568422034,-0.71143163362698,0.0,0.0,1.1471811032245511,1.1661595443085742,-1.1578672735905835,0.2772483954522413,0.0,-1.2586542520945894,-0.6339085515672855,0.0,0.0,-3.469446951953614e-18,0.0,0.0,0.0,0.0,0.0,0.5498975067269439,1.0740152568422037,1.2586542520945894,1.2586542520945894,1.2586542520945894,0.49936346250449504,1.0740152568422037,1.0740152568422037,1.0740152568422037,1.0740152568422037,1.0740152568422037,icmp_flood
-0.8692550469368361,-0.5498975067269439,0.7944993617872821,0.24658635162168366,0.0,0.8185768303652898,-0.4789233496743663,0.8185768303652896,-0.36049975318863686,0.9310854698099713,0.9310854698099713,1.4056164397720938,0.0,0.0,-0.8722819620571747,-0.9664324848493213,0.8670257823782943,-0.36049975318863686,0.0,0.7944993617872821,-0.8243458001193178,0.0,0.0,-3.469446951953614e-18,0.0,0.0,0.0,0.0,0.0,0.5498975067269439,-0.9310854698099713,-0.7944993617872822,-0.7944993617872822,-0.7944993617872822,0.49936346250449504,-0.9310854698099713,-0.9310854698099713,-0.9310854698099713,-0.9310854698099713,-0.9310854698099713,port_sweep
0.9959998233475708,-0.5498975067269439,-1.2586542520945894,-1.391128219438658,0.0,-1.221632427042615,-1.0786080540163847,-1.2216324270426153,-1.2533471612858662,-1.0740152568422034,-1.0740152568422034,-0.71143163362698,0.0,0.0,1.1471811032245511,1.1661595443085742,-1.1578672735905835,-1.2533471612858662,0.0,-1.2586542520945894,-0.6339085515672855,0.0,0.0,-3.469446951953614e-18,0.0,0.0,0.0,0.0,0.0,0.5498975067269439,1.0740152568422037,1.2586542520945894,1.2586542520945894,1.2586542520945894,0.49936346250449504,1.0740152568422037,1.0740152568422037,1.0740152568422037,1.0740152568422037,1.0740152568422037,udp_scan
0.9959998233475708,1.8185207020706828,0.7944993617872821,1.2292150942578886,0.0,-1.221632427042615,1.5450125274799458,-1.2216324270426153,1.2657580258456025,-1.0740152568422034,-1.0740152568422034,-0.71143163362698,0.0,0.0,1.1471811032245511,1.1661595443085742,0.8670257823782943,1.2657580258456025,0.0,0.7944993617872821,0.555984185367657,0.0,0.0,-3.469446951953614e-18,0.0,0.0,0.0,0.0,0.0,-1.8185207020706826,1.0740152568422037,-0.7944993617872822,-0.7944993617872822,-0.7944993617872822,0.49936346250449504,1.0740152568422037,1.0740152568422037,1.0740152568422037,1.0740152568422037,1.0740152568422037,port_sweep
-0.8692550469368361,-0.5498975067269439,0.7944993617872821,0.24658635162168366,0.0,0.8185768303652898,-0.4789233496743663,0.8185768303652896,-0.36049975318863686,0.9310854698099713,0.9310854698099713,1.4056164397720938,0.0,0.0,-0.8722819620571747,-0.9664324848493213,0.8670257823782943,-0.36049975318863686,0.0,0.7944993617872821,-0.534881182320228,0.0,0.0,-3.469446951953614e-18,0.0,0.0,0.0,0.0,0.0,0.5498975067269439,-0.9310854698099713,-0.7944993617872822,-0.7944993617872822,-0.7944993617872822,0.49936346250449504,-0.9310854698099713,-0.9310854698099713,-0.9310854698099713,-0.9310854698099713,-0.9310854698099713,syn_scan
-0.8692550469368361,-0.5498975067269439,0.7944993617872821,0.24658635162168366,0.0,0.8185768303652898,-0.4789233496743663,0.8185768303652896,-0.36049975318863686,0.9310854698099713,0.9310854698099713,1.4056164397720938,0.0,0.0,-0.8722819620571747,-0.9664324848493213,0.8670257823782943,-0.36049975318863686,0.0,0.7944993617872821,-0.565351142088552,0.0,0.0,-3.469446951953614e-18,0.0,0.0,0.0,0.0,0.0,0.5498975067269439,-0.9310854698099713,-0.7944993617872822,-0.7944993617872822,-0.7944993617872822,0.49936346250449504,-0.9310854698099713,-0.9310854698099713,-0.9310854698099713,-0.9310854698099713,-0.9310854698099713,syn_scan
-0.8692550469368361,1.8185207020706828,0.7944993617872821,1.2292150942578886,0.0,0.8185768303652898,1.5450125274799458,0.8185768303652896,1.2657580258456025,0.9310854698099713,0.9310854698099713,-0.71143163362698,0.0,0.0,-0.8722819620571747,-0.25556847513002295,0.8670257823782943,1.2657580258456025,0.0,0.7944993617872821,1.7561212371493518,0.0,0.0,-3.469446951953614e-18,0.0,0.0,0.0,0.0,0.0,-1.8185207020706826,-0.9310854698099713,-0.7944993617872822,-0.7944993617872822,-0.7944993617872822,-2.002549395553741,-0.9310854698099713,-0.9310854698099713,-0.9310854698099713,-0.9310854698099713,-0.9310854698099713,normal
0.9959998233475708,-0.5498975067269439,-1.2586542520945894,-0.8296260807893979,0.0,-1.221632427042615,-0.1790809975033571,-1.2216324270426153,0.2772483954522413,-1.0740152568422034,-1.0740152568422034,-0.71143163362698,0.0,0.0,1.1471811032245511,1.1661595443085742,-1.1578672735905835,0.2772483954522413,0.0,-1.2586542520945894,-0.6339085515672855,0.0,0.0,-3.469446951953614e-18,0.0,0.0,0.0,0.0,0.0,0.5498975067269439,1.0740152568422037,1.2586542520945894,1.2586542520945894,1.2586542520945894,0.49936346250449504,1.0740152568422037,1.0740152568422037,1.0740152568422037,1.0740152568422037,1.0740152568422037,icmp_flood
0.9959998233475708,-0.5498975067269439,-1.2586542520945894,-1.391128219438658,0.0,-1.221632427042615,-1.0786080540163847,-1.2216324270426153,-1.2533471612858662,-1.0740152568422034,-1.0740152568422034,-0.71143163362698,0.0,0.0,1.1471811032245511,1.1661595443085742,-1.1578672735905835,-1.2533471612858662,0.0,-1.2586542520945894,-0.6339085515672855,0.0,0.0,-3.469446951953614e-18,0.0,0.0,0.0,0.0,0.0,0.5498975067269439,1.0740152568422037,1.2586542520945894,1.2586542520945894,1.2586542520945894,0.49936346250449504,1.0740152568422037,1.0740152568422037,1.0740152568422037,1.0740152568422037,1.0740152568422037,udp_scan
0.9959998233475708,-0.5498975067269439,-1.2586542520945894,-0.31491578702757633,0.0,-1.221632427042615,0.6454854709669182,-1.2216324270426153,1.2657580258456025,-1.0740152568422034,-1.0740152568422034,-0.71143163362698,0.0,0.0,1.1471811032245511,1.1661595443085742,-1.1578672735905835,1.2657580258456025,0.0,-1.2586542520945894,-0.6339085515672855,0.0,0.0,-3.469446951953614e-18,0.0,0.0,0.0,0.0,0.0,0.5498975067269439,1.0740152568422037,1.2586542520945894,1.2586542520945894,1.2586542520945894,0.49936346250449504,1.0740152568422037,1.0740152568422037,1.0740152568422037,1.0740152568422037,1.0740152568422037,icmp_flood
0.9959998233475708,-0.5498975067269439,-1.2586542520945894,-1.391128219438658,0.0,-1.221632427042615,-1.0786080540163847,-1.2216324270426153,-1.2533471612858662,-1.0740152568422034,-1.0740152568422034,-0.71143163362698,0.0,0.0,1.1471811032245511,1.1661595443085742,-1.1578672735905835,-1.2533471612858662,0.0,-1.2586542520945894,-0.6339085515672855,0.0,0.0,-3.469446951953614e-18,0.0,0.0,0.0,0.0,0.0,0.5498975067269439,1.0740152568422037,1.2586542520945894,1.2586542520945894,1.2586542520945894,0.49936346250449504,1.0740152568422037,1.0740152568422037,1.0740152568422037,1.0740152568422037,1.0740152568422037,udp_scan
0.9959998233475708,-0.5498975067269439,-1.2586542520945894,-1.391128219438658,0.0,-1.221632427042615,-1.0786080540163847,-1.2216324270426153,-1.2533471612858662,-1.0740152568422034,-1.0740152568422034,-0.71143163362698,0.0,0.0,1.1471811032245511,1.1661595443085742,-1.1578672735905835,-1.2533471612858662,0.0,-1.2586542520945894,-0.6339085515672855,0.0,0.0,-3.469446951953614e-18,0.0,0.0,0.0,0.0,0.0,0.5498975067269439,1.0740152568422037,1.2586542520945894,1.2586542520945894,1.2586542520945894,0.49936346250449504,1.0740152568422037,1.0740152568422037,1.0740152568422037,1.0740152568422037,1.0740152568422037,udp_scan
0.9959998233475708,-0.5498975067269439,-1.2586542520945894,-0.8296260807893979,0.0,-1.221632427042615,-0.1790809975033571,-1.2216324270426153,0.2772483954522413,-1.0740152568422034,-1.0740152568422034,-0.71143163362698,0.0,0.0,1.1471811032245511,1.1661595443085742,-1.1578672735905835,0.2772483954522413,0.0,-1.2586542520945894,-0.6339085515672855,0.0,0.0,-3.469446951953614e-18,0.0,0.0,0.0,0.0,0.0,0.5498975067269439,1.0740152568422037,1.2586542520945894,1.2586542520945894,1.2586542520945894,0.49936346250449504,1.0740152568422037,1.0740152568422037,1.0740152568422037,1.0740152568422037,1.0740152568422037,icmp_flood
-0.8692550469368361,1.8185207020706828,0.7944993617872821,1.2292150942578886,0.0,0.8185768303652898,1.5450125274799458,0.8185768303652896,1.2657580258456025,0.9310854698099713,0.9310854698099713,-0.71143163362698,0.0,0.0,-0.8722819620571747,-0.25556847513002295,0.8670257823782943,1.2657580258456025,0.0,0.7944993617872821,1.7561212371493518,0.0,0.0,-3.469446951953614e-18,0.0,0.0,0.0,0.0,0.0,-1.8185207020706826,-0.9310854698099713,-0.7944993617872822,-0.7944993617872822,-0.7944993617872822,-2.002549395553741,-0.9310854698099713,-0.9310854698099713,-0.9310854698099713,-0.9310854698099713,-0.9310854698099713,normal
0.9959998233475708,1.8185207020706828,0.7944993617872821,1.2292150942578886,0.0,-1.221632427042615,1.5450125274799458,-1.2216324270426153,1.2657580258456025,-1.0740152568422034,-1.0740152568422034,-0.71143163362698,0.0,0.0,1.1471811032245511,1.1661595443085742,0.8670257823782943,1.2657580258456025,0.0,0.7944993617872821,0.4657985455176586,0.0,0.0,-3.469446951953614e-18,0.0,0.0,0.0,0.0,0.0,-1.8185207020706826,1.0740152568422037,-0.7944993617872822,-0.7944993617872822,-0.7944993617872822,0.49936346250449504,1.0740152568422037,1.0740152568422037,1.0740152568422037,1.0740152568422037,1.0740152568422037,port_sweep
0.9959998233475708,-0.5498975067269439,-1.2586542520945894,-0.31491578702757633,0.0,-1.221632427042615,0.6454854709669182,-1.2216324270426153,1.2657580258456025,-1.0740152568422034,-1.0740152568422034,-0.71143163362698,0.0,0.0,1.1471811032245511,1.1661595443085742,-1.1578672735905835,1.2657580258456025,0.0,-1.2586542520945894,-0.6339085515672855,0.0,0.0,-3.469446951953614e-18,0.0,0.0,0.0,0.0,0.0,0.5498975067269439,1.0740152568422037,1.2586542520945894,1.2586542520945894,1.2586542520945894,0.49936346250449504,1.0740152568422037,1.0740152568422037,1.0740152568422037,1.0740152568422037,1.0740152568422037,icmp_flood
-0.8692550469368361,-0.5498975067269439,0.7944993617872821,0.24658635162168366,0.0,0.8185768303652898,-0.4789233496743663,0.8185768303652896,-0.36049975318863686,0.9310854698099713,0.9310854698099713,1.4056164397720938,0.0,0.0,-0.8722819620571747,-0.9664324848493213,0.8670257823782943,-0.36049975318863686,0.0,0.7944993617872821,-0.7557883906405874,0.0,0.0,-3.469446951953614e-18,0.0,0.0,0.0,0.0,0.0,0.5498975067269439,-0.9310854698099713,-0.7944993617872822,-0.7944993617872822,-0.7944993617872822,0.49936346250449504,-0.9310854698099713,-0.9310854698099713,-0.9310854698099713,-0.9310854698099713,-0.9310854698099713,syn_scan
0.9959998233475708,-0.5498975067269439,-1.2586542520945894,-1.391128219438658,0.0,-1.221632427042615,-1.0786080540163847,-1.2216324270426153,-1.2533471612858662,-1.0740152568422034,-1.0740152568422034,-0.71143163362698,0.0,0.0,1.1471811032245511,1.1661595443085742,-1.1578672735905835,-1.2533471612858662,0.0,-1.2586542520945894,-0.6339085515672855,0.0,0.0,-3.469446951953614e-18,0.0,0.0,0.0,0.0,0.0,0.5498975067269439,1.0740152568422037,1.2586542520945894,1.2586542520945894,1.2586542520945894,0.49936346250449504,1.0740152568422037,1.0740152568422037,1.0740152568422037,1.0740152568422037,1.0740152568422037,udp_scan
-0.8692550469368361,1.8185207020706828,0.7944993617872821,1.2292150942578886,0.0,0.8185768303652898,1.5450125274799458,0.8185768303652896,1.2416480348603987,0.9310854698099713,0.9310854698099713,-0.71143163362698,0.0,0.0,-0.8722819620571747,-0.9664324848493213,-1.1578672735905835,1.2416480348603987,0.0,0.7944993617872821,1.7561212371493518,0.0,0.0,-3.469446951953614e-18,0.0,0.0,0.0,0.0,0.0,-1.8185207020706826,-0.9310854698099713,-0.7944993617872822,-0.7944993617872822,-0.7944993617872822,-2.002549395553741,-0.9310854698099713,-0.9310854698099713,-0.9310854698099713,-0.9310854698099713,-0.9310854698099713,normal
-0.8692550469368361,-0.5498975067269439,0.7944993617872821,0.24658635162168366,0.0,0.8185768303652898,-0.4789233496743663,0.8185768303652896,-0.36049975318863686,0.9310854698099713,0.9310854698099713,1.4056164397720938,0.0,0.0,-0.8722819620571747,-0.9664324848493213,0.8670257823782943,-0.36049975318863686,0.0,0.7944993617872821,-0.595821101856879,0.0,0.0,-3.469446951953614e-18,0.0,0.0,0.0,0.0,0.0,0.5498975067269439,-0.9310854698099713,-0.7944993617872822,-0.7944993617872822,-0.7944993617872822,0.49936346250449504,-0.9310854698099713,-0.9310854698099713,-0.9310854698099713,-0.9310854698099713,-0.9310854698099713,syn_scan
0.9959998233475708,-0.5498975067269439,-1.2586542520945894,-1.391128219438658,0.0,-1.221632427042615,-1.0786080540163847,-1.2216324270426153,-1.2533471612858662,-1.0740152568422034,-1.0740152568422034,-0.71143163362698,0.0,0.0,1.1471811032245511,1.1661595443085742,-1.1578672735905835,-1.2533471612858662,0.0,-1.2586542520945894,-0.6339085515672855,0.0,0.0,-3.469446951953614e-18,0.0,0.0,0.0,0.0,0.0,0.5498975067269439,1.0740152568422037,1.2586542520945894,1.2586542520945894,1.2586542520945894,0.49936346250449504,1.0740152568422037,1.0740152568422037,1.0740152568422037,1.0740152568422037,1.0740152568422037,udp_scan
0.9959998233475708,-0.5498975067269439,-1.2586542520945894,-0.31491578702757633,0.0,-1.221632427042615,0.6454854709669182,-1.2216324270426153,1.2657580258456025,-1.0740152568422034,-1.0740152568422034,-0.71143163362698,0.0,0.0,1.1471811032245511,1.1661595443085742,-1.1578672735905835,1.2657580258456025,0.0,-1.2586542520945894,-0.6339085515672855,0.0,0.0,-3.469446951953614e-18,0.0,0.0,0.0,0.0,0.0,0.5498975067269439,1.0740152568422037,1.2586542520945894,1.2586542520945894,1.2586542520945894,0.49936346250449504,1.0740152568422037,1.0740152568422037,1.0740152568422037,1.0740152568422037,1.0740152568422037,icmp_flood
-0.8692550469368361,-0.5498975067269439,0.7944993617872821,0.24658635162168366,0.0,0.8185768303652898,-0.4789233496743663,0.8185768303652896,-0.36049975318863686,0.9310854698099713,0.9310854698099713,1.4056164397720938,0.0,0.0,-0.8722819620571747,-0.9664324848493213,0.8670257823782943,-0.36049975318863686,0.0,0.7944993617872821,-0.7862583504089112,0.0,0.0,-3.469446951953614e-18,0.0,0.0,0.0,0.0,0.0,0.5498975067269439,-0.9310854698099713,-0.7944993617872822,-0.7944993617872822,-0.7944993617872822,0.49936346250449504,-0.9310854698099713,-0.9310854698099713,-0.9310854698099713,-0.9310854698099713,-0.9310854698099713,syn_scan
-0.8692550469368361,-0.5498975067269439,0.7944993617872821,0.24658635162168366,0.0,0.8185768303652898,-0.4789233496743663,0.8185768303652896,-0.36049975318863686,0.9310854698099713,0.9310854698099713,1.4056164397720938,0.0,0.0,-0.8722819620571747,-0.9664324848493213,0.8670257823782943,-0.36049975318863686,0.0,0.7944993617872821,-0.65676102139353,0.0,0.0,-3.469446951953614e-18,0.0,0.0,0.0,0.0,0.0,0.5498975067269439,-0.9310854698099713,-0.7944993617872822,-0.7944993617872822,-0.7944993617872822,0.49936346250449504,-0.9310854698099713,-0.9310854698099713,-0.9310854698099713,-0.9310854698099713,-0.9310854698099713,syn_scan
-0.8692550469368361,-0.5498975067269439,0.7944993617872821,0.24658635162168366,0.0,0.8185768303652898,-0.4789233496743663,0.8185768303652896,-0.36049975318863686,0.9310854698099713,0.9310854698099713,1.4056164397720938,0.0,0.0,-0.8722819620571747,-0.9664324848493213,0.8670257823782943,-0.36049975318863686,0.0,0.7944993617872821,-0.6262910616252029,0.0,0.0,-3.469446951953614e-18,0.0,0.0,0.0,0.0,0.0,0.5498975067269439,-0.9310854698099713,-0.7944993617872822,-0.7944993617872822,-0.7944993617872822,0.49936346250449504,-0.9310854698099713,-0.9310854698099713,-0.9310854698099713,-0.9310854698099713,-0.9310854698099713,syn_scan
0.9959998233475708,-0.5498975067269439,-1.2586542520945894,-0.8296260807893979,0.0,-1.221632427042615,-0.1790809975033571,-1.2216324270426153,0.2772483954522413,-1.0740152568422034,-1.0740152568422034,-0.71143163362698,0.0,0.0,1.1471811032245511,1.1661595443085742,-1.1578672735905835,0.2772483954522413,0.0,-1.2586542520945894,-0.6339085515672855,0.0,0.0,-3.469446951953614e-18,0.0,0.0,0.0,0.0,0.0,0.5498975067269439,1.0740152568422037,1.2586542520945894,1.2586542520945894,1.2586542520945894,0.49936346250449504,1.0740152568422037,1.0740152568422037,1.0740152568422037,1.0740152568422037,1.0740152568422037,icmp_flood
-0.8692550469368361,-0.5498975067269439,0.7944993617872821,0.24658635162168366,0.0,0.8185768303652898,-0.4789233496743663,0.8185768303652896,-0.36049975318863686,0.9310854698099713,0.9310854698099713,1.4056164397720938,0.0,0.0,-0.8722819620571747,-0.9664324848493213,0.8670257823782943,-0.36049975318863686,0.0,0.7944993617872821,-0.7634058805826668,0.0,0.0,-3.469446951953614e-18,0.0,0.0,0.0,0.0,0.0,0.5498975067269439,-0.9310854698099713,-0.7944993617872822,-0.7944993617872822,-0.7944993617872822,0.49936346250449504,-0.9310854698099713,-0.9310854698099713,-0.9310854698099713,-0.9310854698099713,-0.9310854698099713,syn_scan
-0.8692550469368361,1.8185207020706828,0.7944993617872821,1.2292150942578886,0.0,0.8185768303652898,1.5450125274799458,0.8185768303652896,1.2657580258456025,0.9310854698099713,0.9310854698099713,-0.71143163362698,0.0,0.0,-0.8722819620571747,-0.9664324848493213,0.8670257823782943,1.2657580258456025,0.0,0.7944993617872821,0.1197346520614577,0.0,0.0,-3.469446951953614e-18,0.0,0.0,0.0,0.0,0.0,-1.8185207020706826,-0.9310854698099713,-0.7944993617872822,-0.7944993617872822,-0.7944993617872822,-2.002549395553741,-0.9310854698099713,-0.9310854698099713,-0.9310854698099713,-0.9310854698099713,-0.9310854698099713,normal
0.9959998233475708,-0.5498975067269439,-1.2586542520945894,-1.391128219438658,0.0,-1.221632427042615,-1.0786080540163847,-1.2216324270426153,-1.2533471612858662,-1.0740152568422034,-1.0740152568422034,-0.71143163362698,0.0,0.0,1.1471811032245511,1.1661595443085742,-1.1578672735905835,-1.2533471612858662,0.0,-1.2586542520945894,-0.6339085515672855,0.0,0.0,-3.469446951953614e-18,0.0,0.0,0.0,0.0,0.0,0.5498975067269439,1.0740152568422037,1.2586542520945894,1.2586542520945894,1.2586542520945894,0.49936346250449504,1.0740152568422037,1.0740152568422037,1.0740152568422037,1.0740152568422037,1.0740152568422037,udp_scan
-0.8692550469368361,1.8185207020706828,0.7944993617872821,0.24658635162168366,0.0,0.8185768303652898,-0.4789233496743663,0.8185768303652896,-0.36049975318863686,0.9310854698099713,0.9310854698099713,1.4056164397720938,0.0,0.0,-0.8722819620571747,-0.9664324848493213,0.8670257823782943,-0.36049975318863686,0.0,0.7944993617872821,-0.7938758403509938,0.0,0.0,-3.469446951953614e-18,0.0,0.0,0.0,0.0,0.0,-1.8185207020706826,-0.9310854698099713,-0.7944993617872822,-0.7944993617872822,-0.7944993617872822,0.49936346250449504,-0.9310854698099713,-0.9310854698099713,-0.9310854698099713,-0.9310854698099713,-0.9310854698099713,syn_scan
-0.8692550469368361,1.8185207020706828,0.7944993617872821,1.2292150942578886,0.0,0.8185768303652898,1.5450125274799458,0.8185768303652896,1.2657580258456025,0.9310854698099713,0.9310854698099713,-0.71143163362698,0.0,0.0,-0.8700703402252039,-0.11339567318616328,0.8670257823782943,1.2657580258456025,0.0,0.7944993617872821,1.7561212371493518,0.0,0.0,-3.469446951953614e-18,0.0,0.0,0.0,0.0,0.0,-1.8185207020706826,-0.9310854698099713,-0.7944993617872822,-0.7944993617872822,-0.7944993617872822,-2.002549395553741,-0.9310854698099713,-0.9310854698099713,-0.9310854698099713,-0.9310854698099713,-0.9310854698099713,normal
-0.8692550469368361,-0.5498975067269439,0.7944993617872821,0.24658635162168366,0.0,0.8185768303652898,-0.4789233496743663,0.8185768303652896,-0.36049975318863686,0.9310854698099713,0.9310854698099713,1.4056164397720938,0.0,0.0,-0.8722819620571747,-0.9664324848493213,0.8670257823782943,-0.36049975318863686,0.0,0.7944993617872821,-0.6643785113356093,0.0,0.0,-3.469446951953614e-18,0.0,0.0,0.0,0.0,0.0,0.5498975067269439,-0.9310854698099713,-0.7944993617872822,-0.7944993617872822,-0.7944993617872822,0.49936346250449504,-0.9310854698099713,-0.9310854698099713,-0.9310854698099713,-0.9310854698099713,-0.9310854698099713,syn_scan
0.9959998233475708,-0.5498975067269439,-1.2586542520945894,-1.391128219438658,0.0,-1.221632427042615,-1.0786080540163847,-1.2216324270426153,-1.2533471612858662,-1.0740152568422034,-1.0740152568422034,-0.71143163362698,0.0,0.0,1.1471811032245511,1.1661595443085742,-1.1578672735905835,-1.2533471612858662,0.0,-1.2586542520945894,-0.6339085515672855,0.0,0.0,-3.469446951953614e-18,0.0,0.0,0.0,0.0,0.0,0.5498975067269439,1.0740152568422037,1.2586542520945894,1.2586542520945894,1.2586542520945894,0.49936346250449504,1.0740152568422037,1.0740152568422037,1.0740152568422037,1.0740152568422037,1.0740152568422037,udp_scan
-0.8692550469368361,1.8185207020706828,0.7944993617872821,1.2292150942578886,0.0,0.8185768303652898,1.5450125274799458,0.8185768303652896,1.2657580258456025,0.9310854698099713,0.9310854698099713,-0.71143163362698,0.0,0.0,-0.8722819620571747,-0.11339567318616328,0.8670257823782943,1.2657580258456025,0.0,0.7944993617872821,1.7561212371493518,0.0,0.0,-3.469446951953614e-18,0.0,0.0,0.0,0.0,0.0,-1.8185207020706826,-0.9310854698099713,-0.7944993617872822,-0.7944993617872822,-0.7944993617872822,-2.002549395553741,-0.9310854698099713,-0.9310854698099713,-0.9310854698099713,-0.9310854698099713,-0.9310854698099713,normal
-0.8692550469368361,-0.5498975067269439,0.7944993617872821,0.24658635162168366,0.0,0.8185768303652898,-0.4789233496743663,0.8185768303652896,-0.36049975318863686,0.9310854698099713,0.9310854698099713,1.4056164397720938,0.0,0.0,-0.8722819620571747,-0.9664324848493213,0.8670257823782943,-0.36049975318863686,0.0,0.7944993617872821,-0.534881182320228,0.0,0.0,-3.469446951953614e-18,0.0,0.0,0.0,0.0,0.0,0.5498975067269439,-0.9310854698099713,-0.7944993617872822,-0.7944993617872822,-0.7944993617872822,0.49936346250449504,-0.9310854698099713,-0.9310854698099713,-0.9310854698099713,-0.9310854698099713,-0.9310854698099713,syn_scan
0.9959998233475708,-0.5498975067269439,-1.2586542520945894,-1.391128219438658,0.0,-1.221632427042615,-1.0786080540163847,-1.2216324270426153,-1.2533471612858662,-1.0740152568422034,-1.0740152568422034,-0.71143163362698,0.0,0.0,1.1471811032245511,1.1661595443085742,-1.1578672735905835,-1.2533471612858662,0.0,-1.2586542520945894,-0.6339085515672855,0.0,0.0,-3.469446951953614e-18,0.0,0.0,0.0,0.0,0.0,0.5498975067269439,1.0740152568422037,1.2586542520945894,1.2586542520945894,1.2586542520945894,0.49936346250449504,1.0740152568422037,1.0740152568422037,1.0740152568422037,1.0740152568422037,1.0740152568422037,udp_scan
-0.8692550469368361,-0.5498975067269439,0.7944993617872821,0.24658635162168366,0.0,0.8185768303652898,-0.4789233496743663,0.8185768303652896,-0.36049975318863686,0.9310854698099713,0.9310854698099713,1.4056164397720938,0.0,0.0,-0.8722819620571747,-0.9664324848493213,0.8670257823782943,-0.36049975318863686,0.0,0.7944993617872821,-0.4053838533048435,0.0,0.0,-3.469446951953614e-18,0.0,0.0,0.0,0.0,0.0,0.5498975067269439,-0.9310854698099713,-0.7944993617872822,-0.7944993617872822,-0.7944993617872822,0.49936346250449504,-0.9310854698099713,-0.9310854698099713,-0.9310854698099713,-0.9310854698099713,-0.9310854698099713,syn_scan
-0.8692550469368361,-0.5498975067269439,0.7944993617872821,0.24658635162168366,0.0,0.8185768303652898,-0.4789233496743663,0.8185768303652896,-0.36049975318863686,0.9310854698099713,0.9310854698099713,1.4056164397720938,0.0,0.0,-0.8722819620571747,-0.9664324848493213,0.8670257823782943,-0.36049975318863686,0.0,0.7944993617872821,-0.504411222551901,0.0,0.0,-3.469446951953614e-18,0.0,0.0,0.0,0.0,0.0,0.5498975067269439,-0.9310854698099713,-0.7944993617872822,-0.7944993617872822,-0.7944993617872822,0.49936346250449504,-0.9310854698099713,-0.9310854698099713,-0.9310854698099713,-0.9310854698099713,-0.9310854698099713,syn_scan
0.9959998233475708,-0.5498975067269439,-1.2586542520945894,-0.31491578702757633,0.0,-1.221632427042615,0.6454854709669182,-1.2216324270426153,1.2657580258456025,-1.0740152568422034,-1.0740152568422034,-0.71143163362698,0.0,0.0,1.1471811032245511,1.1661595443085742,-1.1578672735905835,1.2657580258456025,0.0,-1.2586542520945894,-0.6339085515672855,0.0,0.0,-3.469446951953614e-18,0.0,0.0,0.0,0.0,0.0,0.5498975067269439,1.0740152568422037,1.2586542520945894,1.2586542520945894,1.2586542520945894,0.49936346250449504,1.0740152568422037,1.0740152568422037,1.0740152568422037,1.0740152568422037,1.0740152568422037,icmp_flood
0.9959998233475708,-0.5498975067269439,-1.2586542520945894,-1.391128219438658,0.0,-1.221632427042615,-1.0786080540163847,-1.2216324270426153,-1.2533471612858662,-1.0740152568422034,-1.0740152568422034,-0.71143163362698,0.0,0.0,1.1471811032245511,1.1661595443085742,-1.1578672735905835,-1.2533471612858662,0.0,-1.2586542520945894,-0.6339085515672855,0.0,0.0,-3.469446951953614e-18,0.0,0.0,0.0,0.0,0.0,0.5498975067269439,1.0740152568422037,1.2586542520945894,1.2586542520945894,1.2586542520945894,0.49936346250449504,1.0740152568422037,1.0740152568422037,1.0740152568422037,1.0740152568422037,1.0740152568422037,udp_scan
0.9959998233475708,-0.5498975067269439,-1.2586542520945894,-0.31491578702757633,0.0,-1.221632427042615,0.6454854709669182,-1.2216324270426153,1.2657580258456025,-1.0740152568422034,-1.0740152568422034,-0.71143163362698,0.0,0.0,1.1471811032245511,1.1661595443085742,-1.1578672735905835,1.2657580258456025,0.0,-1.2586542520945894,-0.6339085515672855,0.0,0.0,-3.469446951953614e-18,0.0,0.0,0.0,0.0,0.0,0.5498975067269439,1.0740152568422037,1.2586542520945894,1.2586542520945894,1.2586542520945894,0.49936346250449504,1.0740152568422037,1.0740152568422037,1.0740152568422037,1.0740152568422037,1.0740152568422037,icmp_flood
0.9959998233475708,-0.5498975067269439,-1.2586542520945894,-1.391128219438658,0.0,-1.221632427042615,-1.0786080540163847,-1.2216324270426153,-1.2533471612858662,-1.0740152568422034,-1.0740152568422034,-0.71143163362698,0.0,0.0,1.1471811032245511,1.1661595443085742,-1.1578672735905835,-1.2533471612858662,0.0,-1.2586542520945894,-0.6339085515672855,0.0,0.0,-3.469446951953614e-18,0.0,0.0,0.0,0.0,0.0,0.5498975067269439,1.0740152568422037,1.2586542520945894,1.2586542520945894,1.2586542520945894,0.49936346250449504,1.0740152568422037,1.0740152568422037,1.0740152568422037,1.0740152568422037,1.0740152568422037,udp_scan
-0.8692550469368361,1.8185207020706828,0.7944993617872821,1.2292150942578886,0.0,0.8185768303652898,1.5450125274799458,0.8185768303652896,1.2657580258456025,0.9310854698099713,0.9310854698099713,-0.71143163362698,0.0,0.0,1.1471811032245511,0.023699528688272853,0.8670257823782943,1.2657580258456025,0.0,0.7944993617872821,-0.07367679128148048,0.0,0.0,-3.469446951953614e-18,0.0,0.0,0.0,0.0,0.0,-1.8185207020706826,-0.9310854698099713,-0.7944993617872822,-0.7944993617872822,-0.7944993617872822,-2.002549395553741,-0.9310854698099713,-0.9310854698099713,-0.9310854698099713,-0.9310854698099713,-0.9310854698099713,normal
0.9959998233475708,-0.5498975067269439,-1.2586542520945894,-1.391128219438658,0.0,-1.221632427042615,-1.0786080540163847,-1.2216324270426153,-1.2533471612858662,-1.0740152568422034,-1.0740152568422034,-0.71143163362698,0.0,0.0,1.1471811032245511,1.1661595443085742,-1.1578672735905835,-1.2533471612858662,0.0,-1.2586542520945894,-0.6339085515672855,0.0,0.0,-3.469446951953614e-18,0.0,0.0,0.0,0.0,0.0,0.5498975067269439,1.0740152568422037,1.2586542520945894,1.2586542520945894,1.2586542520945894,0.49936346250449504,1.0740152568422037,1.0740152568422037,1.0740152568422037,1.0740152568422037,1.0740152568422037,udp_scan
-0.8692550469368361,1.8185207020706828,0.7944993617872821,1.2292150942578886,0.0,0.8185768303652898,1.5450125274799458,0.8185768303652896,1.2657580258456025,0.9310854698099713,0.9310854698099713,-0.71143163362698,0.0,0.0,1.1471811032245511,-0.8570687910463527,0.8670257823782943,1.2657580258456025,0.0,0.7944993617872821,-0.03737005350558749,0.0,0.0,-3.469446951953614e-18,0.0,0.0,0.0,0.0,0.0,-1.8185207020706826,-0.9310854698099713,-0.7944993617872822,-0.7944993617872822,-0.7944993617872822,-2.002549395553741,-0.9310854698099713,-0.9310854698099713,-0.9310854698099713,-0.9310854698099713,-0.9310854698099713,normal
0.9959998233475708,-0.5498975067269439,-1.2586542520945894,-1.391128219438658,0.0,-1.221632427042615,-1.0786080540163847,-1.2216324270426153,-1.2533471612858662,-1.0740152568422034,-1.0740152568422034,-0.71143163362698,0.0,0.0,1.1471811032245511,1.1661595443085742,-1.1578672735905835,-1.2533471612858662,0.0,-1.2586542520945894,-0.6339085515672855,0.0,0.0,-3.469446951953614e-18,0.0,0.0,0.0,0.0,0.0,0.5498975067269439,1.0740152568422037,1.2586542520945894,1.2586542520945894,1.2586542520945894,0.49936346250449504,1.0740152568422037,1.0740152568422037,1.0740152568422037,1.0740152568422037,1.0740152568422037,udp_scan
0.9959998233475708,1.8185207020706828,0.7944993617872821,1.2292150942578886,0.0,0.8185768303652898,0.9453278231379273,0.8185768303652896,1.2657580258456025,-1.0740152568422034,-1.0740152568422034,-0.71143163362698,0.0,0.0,-0.8722819620571747,-0.9664324848493213,0.8670257823782943,1.2657580258456025,0.0,0.7944993617872821,1.7561212371493518,0.0,0.0,-3.469446951953614e-18,0.0,0.0,0.0,0.0,0.0,-1.8185207020706826,1.0740152568422037,-0.7944993617872822,-0.7944993617872822,-0.7944993617872822,0.49936346250449504,1.0740152568422037,1.0740152568422037,1.0740152568422037,1.0740152568422037,1.0740152568422037,normal
-0.8692550469368361,1.8185207020706828,0.7944993617872821,1.2292150942578886,0.0,0.8185768303652898,1.5450125274799458,0.8185768303652896,1.2657580258456025,0.9310854698099713,0.9310854698099713,-0.71143163362698,0.0,0.0,-0.8722819620571747,-0.11339567318616328,0.8670257823782943,1.2657580258456025,0.0,0.7944993617872821,1.7561212371493518,0.0,0.0,-3.469446951953614e-18,0.0,0.0,0.0,0.0,0.0,-1.8185207020706826,-0.9310854698099713,-0.7944993617872822,-0.7944993617872822,-0.7944993617872822,-2.002549395553741,-0.9310854698099713,-0.9310854698099713,-0.9310854698099713,-0.9310854698099713,-0.9310854698099713,normal
0.9959998233475708,-0.5498975067269439,-1.2586542520945894,-0.31491578702757633,0.0,-1.221632427042615,0.6454854709669182,-1.2216324270426153,1.2657580258456025,-1.0740152568422034,-1.0740152568422034,-0.71143163362698,0.0,0.0,1.1471811032245511,1.1661595443085742,-1.1578672735905835,1.2657580258456025,0.0,-1.2586542520945894,-0.6339085515672855,0.0,0.0,-3.469446951953614e-18,0.0,0.0,0.0,0.0,0.0,0.5498975067269439,1.0740152568422037,1.2586542520945894,1.2586542520945894,1.2586542520945894,0.49936346250449504,1.0740152568422037,1.0740152568422037,1.0740152568422037,1.0740152568422037,1.0740152568422037,icmp_flood
0.9959998233475708,-0.5498975067269439,-1.2586542520945894,-0.31491578702757633,0.0,-1.221632427042615,0.6454854709669182,-1.2216324270426153,1.2657580258456025,-1.0740152568422034,-1.0740152568422034,-0.71143163362698,0.0,0.0,1.1471811032245511,1.1661595443085742,-1.1578672735905835,1.2657580258456025,0.0,-1.2586542520945894,-0.6339085515672855,0.0,0.0,-3.469446951953614e-18,0.0,0.0,0.0,0.0,0.0,0.5498975067269439,1.0740152568422037,1.2586542520945894,1.2586542520945894,1.2586542520945894,0.49936346250449504,1.0740152568422037,1.0740152568422037,1.0740152568422037,1.0740152568422037,1.0740152568422037,icmp_flood
-0.8692550469368361,-0.5498975067269439,0.7944993617872821,0.24658635162168366,0.0,0.8185768303652898,-0.4789233496743663,0.8185768303652896,-0.36049975318863686,0.9310854698099713,0.9310854698099713,1.4056164397720938,0.0,0.0,-0.8722819620571747,-0.9664324848493213,0.8670257823782943,-0.36049975318863686,0.0,0.7944993617872821,-0.7862583504089112,0.0,0.0,-3.469446951953614e-18,0.0,0.0,0.0,0.0,0.0,0.5498975067269439,-0.9310854698099713,-0.7944993617872822,-0.7944993617872822,-0.7944993617872822,0.49936346250449504,-0.9310854698099713,-0.9310854698099713,-0.9310854698099713,-0.9310854698099713,-0.9310854698099713,syn_scan
-0.8692550469368361,-0.5498975067269439,0.7944993617872821,0.24658635162168366,0.0,0.8185768303652898,-0.4789233496743663,0.8185768303652896,-0.36049975318863686,0.9310854698099713,0.9310854698099713,1.4056164397720938,0.0,0.0,-0.8722819620571747,-0.9664324848493213,0.8670257823782943,-0.36049975318863686,0.0,0.7944993617872821,-0.6643785113356093,0.0,0.0,-3.469446951953614e-18,0.0,0.0,0.0,0.0,0.0,0.5498975067269439,-0.9310854698099713,-0.7944993617872822,-0.7944993617872822,-0.7944993617872822,0.49936346250449504,-0.9310854698099713,-0.9310854698099713,-0.9310854698099713,-0.9310854698099713,-0.9310854698099713,syn_scan
-0.8692550469368361,-0.5498975067269439,0.7944993617872821,0.24658635162168366,0.0,0.8185768303652898,-0.4789233496743663,0.8185768303652896,-0.36049975318863686,0.9310854698099713,0.9310854698099713,1.4056164397720938,0.0,0.0,-0.8722819620571747,-0.9664324848493213,0.8670257823782943,-0.36049975318863686,0.0,0.7944993617872821,-0.6872309811618539,0.0,0.0,-3.469446951953614e-18,0.0,0.0,0.0,0.0,0.0,0.5498975067269439,-0.9310854698099713,-0.7944993617872822,-0.7944993617872822,-0.7944993617872822,0.49936346250449504,-0.9310854698099713,-0.9310854698099713,-0.9310854698099713,-0.9310854698099713,-0.9310854698099713,syn_scan
0.9959998233475708,-0.5498975067269439,-1.2586542520945894,-0.8296260807893979,0.0,-1.221632427042615,-0.1790809975033571,-1.2216324270426153,0.2772483954522413,-1.0740152568422034,-1.0740152568422034,-0.71143163362698,0.0,0.0,1.1471811032245511,1.1661595443085742,-1.1578672735905835,0.2772483954522413,0.0,-1.2586542520945894,-0.6339085515672855,0.0,0.0,-3.469446951953614e-18,0.0,0.0,0.0,0.0,0.0,0.5498975067269439,1.0740152568422037,1.2586542520945894,1.2586542520945894,1.2586542520945894,0.49936346250449504,1.0740152568422037,1.0740152568422037,1.0740152568422037,1.0740152568422037,1.0740152568422037,icmp_flood
-0.8692550469368361,-0.5498975067269439,0.7944993617872821,0.24658635162168366,0.0,0.8185768303652898,-0.4789233496743663,0.8185768303652896,-0.36049975318863686,0.9310854698099713,0.9310854698099713,1.4056164397720938,0.0,0.0,-0.8722819620571747,-0.9664324848493213,0.8670257823782943,-0.36049975318863686,0.0,0.7944993617872821,-0.7253184308722602,0.0,0.0,-3.469446951953614e-18,0.0,0.0,0.0,0.0,0.0,0.5498975067269439,-0.9310854698099713,-0.7944993617872822,-0.7944993617872822,-0.7944993617872822,0.49936346250449504,-0.9310854698099713,-0.9310854698099713,-0.9310854698099713,-0.9310854698099713,-0.9310854698099713,syn_scan
0.9959998233475708,-0.5498975067269439,-1.2586542520945894,-1.391128219438658,0.0,-1.221632427042615,-1.0786080540163847,-1.2216324270426153,-1.2533471612858662,-1.0740152568422034,-1.0740152568422034,-0.71143163362698,0.0,0.0,1.1471811032245511,1.1661595443085742,-1.1578672735905835,-1.2533471612858662,0.0,-1.2586542520945894,-0.6339085515672855,0.0,0.0,-3.469446951953614e-18,0.0,0.0,0.0,0.0,0.0,0.5498975067269439,1.0740152568422037,1.2586542520945894,1.2586542520945894,1.2586542520945894,0.49936346250449504,1.0740152568422037,1.0740152568422037,1.0740152568422037,1.0740152568422037,1.0740152568422037,udp_scan
0.9959998233475708,-0.5498975067269439,0.7944993617872821,1.2292150942578886,0.0,0.8185768303652898,0.9453278231379273,0.8185768303652896,1.2657580258456025,-1.0740152568422034,-1.0740152568422034,-0.71143163362698,0.0,0.0,-0.8722819620571747,-0.9664324848493213,0.8670257823782943,1.2657580258456025,0.0,0.7944993617872821,1.7561212371493518,0.0,0.0,-3.469446951953614e-18,0.0,0.0,0.0,0.0,0.0,0.5498975067269439,1.0740152568422037,-0.7944993617872822,-0.7944993617872822,-0.7944993617872822,0.49936346250449504,1.0740152568422037,1.0740152568422037,1.0740152568422037,1.0740152568422037,1.0740152568422037,normal
-0.8692550469368361,-0.5498975067269439,0.7944993617872821,0.24658635162168366,0.0,0.8185768303652898,-0.4789233496743663,0.8185768303652896,-0.36049975318863686,0.9310854698099713,0.9310854698099713,1.4056164397720938,0.0,0.0,-0.8722819620571747,-0.9664324848493213,0.8670257823782943,-0.36049975318863686,0.0,0.7944993617872821,-0.7862583504089112,0.0,0.0,-3.469446951953614e-18,0.0,0.0,0.0,0.0,0.0,0.5498975067269439,-0.9310854698099713,-0.7944993617872822,-0.7944993617872822,-0.7944993617872822,0.49936346250449504,-0.9310854698099713,-0.9310854698099713,-0.9310854698099713,-0.9310854698099713,-0.9310854698099713,syn_scan
0.9959998233475708,-0.5498975067269439,-1.2586542520945894,-1.391128219438658,0.0,-1.221632427042615,-1.0786080540163847,-1.2216324270426153,-1.2533471612858662,-1.0740152568422034,-1.0740152568422034,-0.71143163362698,0.0,0.0,1.1471811032245511,1.1661595443085742,-1.1578672735905835,-1.2533471612858662,0.0,-1.2586542520945894,-0.6339085515672855,0.0,0.0,-3.469446951953614e-18,0.0,0.0,0.0,0.0,0.0,0.5498975067269439,1.0740152568422037,1.2586542520945894,1.2586542520945894,1.2586542520945894,0.49936346250449504,1.0740152568422037,1.0740152568422037,1.0740152568422037,1.0740152568422037,1.0740152568422037,udp_scan
0.9959998233475708,1.8185207020706828,0.7944993617872821,1.2292150942578886,0.0,-1.221632427042615,1.5450125274799458,-1.2216324270426153,1.2657580258456025,-1.0740152568422034,-1.0740152568422034,-0.71143163362698,0.0,0.0,1.1471811032245511,1.1661595443085742,0.8670257823782943,1.2657580258456025,0.0,0.7944993617872821,0.48606650982783856,0.0,0.0,-3.469446951953614e-18,0.0,0.0,0.0,0.0,0.0,-1.8185207020706826,1.0740152568422037,-0.7944993617872822,-0.7944993617872822,-0.7944993617872822,0.49936346250449504,1.0740152568422037,1.0740152568422037,1.0740152568422037,1.0740152568422037,1.0740152568422037,port_sweep
0.9959998233475708,-0.5498975067269439,-1.2586542520945894,-1.391128219438658,0.0,-1.221632427042615,-1.0786080540163847,-1.2216324270426153,-1.2533471612858662,-1.0740152568422034,-1.0740152568422034,-0.71143163362698,0.0,0.0,1.1471811032245511,1.1661595443085742,-1.1578672735905835,-1.2533471612858662,0.0,-1.2586542520945894,-0.6339085515672855,0.0,0.0,-3.469446951953614e-18,0.0,0.0,0.0,0.0,0.0,0.5498975067269439,1.0740152568422037,1.2586542520945894,1.2586542520945894,1.2586542520945894,0.49936346250449504,1.0740152568422037,1.0740152568422037,1.0740152568422037,1.0740152568422037,1.0740152568422037,udp_scan
-0.8692550469368361,-0.5498975067269439,0.7944993617872821,0.24658635162168366,0.0,0.8185768303652898,-0.4789233496743663,0.8185768303652896,-0.36049975318863686,0.9310854698099713,0.9310854698099713,1.4056164397720938,0.0,0.0,-0.8722819620571747,-0.9664324848493213,0.8670257823782943,-0.36049975318863686,0.0,0.7944993617872821,-0.6643785113356093,0.0,0.0,-3.469446951953614e-18,0.0,0.0,0.0,0.0,0.0,0.5498975067269439,-0.9310854698099713,-0.7944993617872822,-0.7944993617872822,-0.7944993617872822,0.49936346250449504,-0.9310854698099713,-0.9310854698099713,-0.9310854698099713,-0.9310854698099713,-0.9310854698099713,syn_scan
0.9959998233475708,-0.5498975067269439,-1.2586542520945894,-1.391128219438658,0.0,-1.221632427042615,-1.0786080540163847,-1.2216324270426153,-1.2533471612858662,-1.0740152568422034,-1.0740152568422034,-0.71143163362698,0.0,0.0,1.1471811032245511,1.1661595443085742,-1.1578672735905835,-1.2533471612858662,0.0,-1.2586542520945894,-0.6339085515672855,0.0,0.0,-3.469446951953614e-18,0.0,0.0,0.0,0.0,0.0,0.5498975067269439,1.0740152568422037,1.2586542520945894,1.2586542520945894,1.2586542520945894,0.49936346250449504,1.0740152568422037,1.0740152568422037,1.0740152568422037,1.0740152568422037,1.0740152568422037,udp_scan
-0.8692550469368361,-0.5498975067269439,0.7944993617872821,0.24658635162168366,0.0,0.8185768303652898,-0.4789233496743663,0.8185768303652896,-0.36049975318863686,0.9310854698099713,0.9310854698099713,1.4056164397720938,0.0,0.0,-0.8722819620571747,-0.9664324848493213,0.8670257823782943,-0.36049975318863686,0.0,0.7944993617872821,-0.46632377284149445,0.0,0.0,-3.469446951953614e-18,0.0,0.0,0.0,0.0,0.0,0.5498975067269439,-0.9310854698099713,-0.7944993617872822,-0.7944993617872822,-0.7944993617872822,0.49936346250449504,-0.9310854698099713,-0.9310854698099713,-0.9310854698099713,-0.9310854698099713,-0.9310854698099713,syn_scan
-0.8692550469368361,-0.5498975067269439,0.7944993617872821,0.24658635162168366,0.0,0.8185768303652898,-0.4789233496743663,0.8185768303652896,-0.36049975318863686,0.9310854698099713,0.9310854698099713,1.4056164397720938,0.0,0.0,-0.8722819620571747,-0.9664324848493213,0.8670257823782943,-0.36049975318863686,0.0,0.7944993617872821,-0.7862583504089112,0.0,0.0,-3.469446951953614e-18,0.0,0.0,0.0,0.0,0.0,0.5498975067269439,-0.9310854698099713,-0.7944993617872822,-0.7944993617872822,-0.7944993617872822,0.49936346250449504,-0.9310854698099713,-0.9310854698099713,-0.9310854698099713,-0.9310854698099713,-0.9310854698099713,syn_scan
-0.8692550469368361,-0.5498975067269439,0.7944993617872821,0.24658635162168366,0.0,0.8185768303652898,-0.4789233496743663,0.8185768303652896,-0.36049975318863686,0.9310854698099713,0.9310854698099713,1.4056164397720938,0.0,0.0,-0.8722819620571747,-0.9664324848493213,0.8670257823782943,-0.36049975318863686,0.0,0.7944993617872821,-0.6948484711039364,0.0,0.0,-3.469446951953614e-18,0.0,0.0,0.0,0.0,0.0,0.5498975067269439,-0.9310854698099713,-0.7944993617872822,-0.7944993617872822,-0.7944993617872822,0.49936346250449504,-0.9310854698099713,-0.9310854698099713,-0.9310854698099713,-0.9310854698099713,-0.9310854698099713,syn_scan
7.948313430771269,-0.5498975067269439,-1.2586542520945894,1.135631404483012,0.0,-1.221632427042615,1.5450125274799458,-1.2216324270426153,1.2657580258456025,-1.0740152568422034,-1.0740152568422034,-0.71143163362698,0.0,0.0,1.1471811032245511,1.1661595443085742,-1.1578672735905835,1.2657580258456025,0.0,-1.2586542520945894,-0.6339085515672855,0.0,0.0,-3.469446951953614e-18,0.0,0.0,0.0,0.0,0.0,0.5498975067269439,1.0740152568422037,1.2586542520945894,1.2586542520945894,1.2586542520945894,0.49936346250449504,1.0740152568422037,1.0740152568422037,1.0740152568422037,1.0740152568422037,1.0740152568422037,normal
-0.8692550469368361,1.8185207020706828,0.7944993617872821,1.2292150942578886,0.0,0.8185768303652898,1.5450125274799458,0.8185768303652896,1.2657580258456025,0.9310854698099713,0.9310854698099713,-0.71143163362698,0.0,0.0,-0.8698889245641175,-0.11339567318616328,0.8670257823782943,1.2657580258456025,0.0,0.7944993617872821,1.7561212371493518,0.0,0.0,-3.469446951953614e-18,0.0,0.0,0.0,0.0,0.0,-1.8185207020706826,-0.9310854698099713,-0.7944993617872822,-0.7944993617872822,-0.7944993617872822,-2.002549395553741,-0.9310854698099713,-0.9310854698099713,-0.9310854698099713,-0.9310854698099713,-0.9310854698099713,normal
-0.8692550469368361,1.8185207020706828,0.7944993617872821,1.2292150942578886,0.0,0.8185768303652898,1.5450125274799458,0.8185768303652896,1.1559236224685618,0.9310854698099713,0.9310854698099713,-0.71143163362698,0.0,0.0,-0.8722819620571747,-0.9664324848493213,-1.1578672735905835,1.1559236224685618,0.0,0.7944993617872821,1.7561212371493518,0.0,0.0,-3.469446951953614e-18,0.0,0.0,0.0,0.0,0.0,-1.8185207020706826,-0.9310854698099713,-0.7944993617872822,-0.7944993617872822,-0.7944993617872822,-2.002549395553741,-0.9310854698099713,-0.9310854698099713,-0.9310854698099713,-0.9310854698099713,-0.9310854698099713,normal
-0.8692550469368361,-0.5498975067269439,0.7944993617872821,0.24658635162168366,0.0,0.8185768303652898,-0.4789233496743663,0.8185768303652896,-0.36049975318863686,0.9310854698099713,0.9310854698099713,1.4056164397720938,0.0,0.0,-0.8722819620571747,-0.9664324848493213,0.8670257823782943,-0.36049975318863686,0.0,0.7944993617872821,-0.6034385917989583,0.0,0.0,-3.469446951953614e-18,0.0,0.0,0.0,0.0,0.0,0.5498975067269439,-0.9310854698099713,-0.7944993617872822,-0.7944993617872822,-0.7944993617872822,0.49936346250449504,-0.9310854698099713,-0.9310854698099713,-0.9310854698099713,-0.9310854698099713,-0.9310854698099713,syn_scan
-0.8692550469368361,1.8185207020706828,0.7944993617872821,1.2292150942578886,0.0,0.8185768303652898,1.5450125274799458,0.8185768303652896,1.2657580258456025,0.9310854698099713,0.9310854698099713,-0.71143163362698,0.0,0.0,1.1471811032245511,0.6227586907250721,0.8670257823782943,1.2657580258456025,0.0,0.7944993617872821,0.4849773390451238,0.0,0.0,-3.469446951953614e-18,0.0,0.0,0.0,0.0,0.0,-1.8185207020706826,-0.9310854698099713,-0.7944993617872822,-0.7944993617872822,-0.7944993617872822,-2.002549395553741,-0.9310854698099713,-0.9310854698099713,-0.9310854698099713,-0.9310854698099713,-0.9310854698099713,normal
0.9959998233475708,-0.5498975067269439,-1.2586542520945894,-0.45529132168989134,0.0,-1.221632427042615,0.4206037068386613,-1.2216324270426153,1.2657580258456025,-1.0740152568422034,-1.0740152568422034,-0.71143163362698,0.0,0.0,1.1471811032245511,1.1661595443085742,-1.1578672735905835,1.2657580258456025,0.0,-1.2586542520945894,-0.6339085515672855,0.0,0.0,-3.469446951953614e-18,0.0,0.0,0.0,0.0,0.0,0.5498975067269439,1.0740152568422037,1.2586542520945894,1.2586542520945894,1.2586542520945894,0.49936346250449504,1.0740152568422037,1.0740152568422037,1.0740152568422037,1.0740152568422037,1.0740152568422037,udp_scan
-0.8692550469368361,-0.5498975067269439,0.7944993617872821,1.2292150942578886,0.0,0.8185768303652898,1.5450125274799458,0.8185768303652896,1.2657580258456025,0.9310854698099713,0.9310854698099713,-0.71143163362698,0.0,0.0,-0.8699796323946606,-0.11339567318616328,0.8670257823782943,1.2657580258456025,0.0,0.7944993617872821,1.7561212371493518,0.0,0.0,-3.469446951953614e-18,0.0,0.0,0.0,0.0,0.0,0.5498975067269439,-0.9310854698099713,-0.7944993617872822,-0.7944993617872822,-0.7944993617872822,-2.002549395553741,-0.9310854698099713,-0.9310854698099713,-0.9310854698099713,-0.9310854698099713,-0.9310854698099713,normal
0.9959998233475708,-0.5498975067269439,-1.2586542520945894,-1.391128219438658,0.0,-1.221632427042615,-1.0786080540163847,-1.2216324270426153,-1.2533471612858662,-1.0740152568422034,-1.0740152568422034,-0.71143163362698,0.0,0.0,1.1471811032245511,1.1661595443085742,-1.1578672735905835,-1.2533471612858662,0.0,-1.2586542520945894,-0.6339085515672855,0.0,0.0,-3.469446951953614e-18,0.0,0.0,0.0,0.0,0.0,0.5498975067269439,1.0740152568422037,1.2586542520945894,1.2586542520945894,1.2586542520945894,0.49936346250449504,1.0740152568422037,1.0740152568422037,1.0740152568422037,1.0740152568422037,1.0740152568422037,udp_scan
-0.8692550469368361,-0.5498975067269439,0.7944993617872821,0.24658635162168366,0.0,0.8185768303652898,-0.4789233496743663,0.8185768303652896,-0.36049975318863686,0.9310854698099713,0.9310854698099713,1.4056164397720938,0.0,0.0,-0.8722819620571747,-0.9664324848493213,0.8670257823782943,-0.36049975318863686,0.0,0.7944993617872821,-0.8243458001193178,0.0,0.0,-3.469446951953614e-18,0.0,0.0,0.0,0.0,0.0,0.5498975067269439,-0.9310854698099713,-0.7944993617872822,-0.7944993617872822,-0.7944993617872822,0.49936346250449504,-0.9310854698099713,-0.9310854698099713,-0.9310854698099713,-0.9310854698099713,-0.9310854698099713,syn_scan
-0.8692550469368361,-0.5498975067269439,0.7944993617872821,0.24658635162168366,0.0,0.8185768303652898,-0.4789233496743663,0.8185768303652896,-0.36049975318863686,0.9310854698099713,0.9310854698099713,1.4056164397720938,0.0,0.0,-0.8722819620571747,-0.9664324848493213,0.8670257823782943,-0.36049975318863686,0.0,0.7944993617872821,0.2040153420616661,0.0,0.0,-3.469446951953614e-18,0.0,0.0,0.0,0.0,0.0,0.5498975067269439,-0.9310854698099713,-0.7944993617872822,-0.7944993617872822,-0.7944993617872822,0.49936346250449504,-0.9310854698099713,-0.9310854698099713,-0.9310854698099713,-0.9310854698099713,-0.9310854698099713,port_sweep
0.9959998233475708,-0.5498975067269439,-1.2586542520945894,-1.391128219438658,0.0,-1.221632427042615,-1.0786080540163847,-1.2216324270426153,-1.2533471612858662,-1.0740152568422034,-1.0740152568422034,-0.71143163362698,0.0,0.0,1.1471811032245511,1.1661595443085742,-1.1578672735905835,-1.2533471612858662,0.0,-1.2586542520945894,-0.6339085515672855,0.0,0.0,-3.469446951953614e-18,0.0,0.0,0.0,0.0,0.0,0.5498975067269439,1.0740152568422037,1.2586542520945894,1.2586542520945894,1.2586542520945894,0.49936346250449504,1.0740152568422037,1.0740152568422037,1.0740152568422037,1.0740152568422037,1.0740152568422037,udp_scan
-0.8692550469368361,1.8185207020706828,0.7944993617872821,1.2292150942578886,0.0,0.8185768303652898,1.5450125274799458,0.8185768303652896,1.2657580258456025,0.9310854698099713,0.9310854698099713,-0.71143163362698,0.0,0.0,-0.8698889245641175,-0.11339567318616328,0.8670257823782943,1.2657580258456025,0.0,0.7944993617872821,1.7561212371493518,0.0,0.0,-3.469446951953614e-18,0.0,0.0,0.0,0.0,0.0,-1.8185207020706826,-0.9310854698099713,-0.7944993617872822,-0.7944993617872822,-0.7944993617872822,-2.002549395553741,-0.9310854698099713,-0.9310854698099713,-0.9310854698099713,-0.9310854698099713,-0.9310854698099713,normal
0.9959998233475708,-0.5498975067269439,-1.2586542520945894,-1.391128219438658,0.0,-1.221632427042615,-1.0786080540163847,-1.2216324270426153,-1.2533471612858662,-1.0740152568422034,-1.0740152568422034,-0.71143163362698,0.0,0.0,1.1471811032245511,1.1661595443085742,-1.1578672735905835,-1.2533471612858662,0.0,-1.2586542520945894,-0.6339085515672855,0.0,0.0,-3.469446951953614e-18,0.0,0.0,0.0,0.0,0.0,0.5498975067269439,1.0740152568422037,1.2586542520945894,1.2586542520945894,1.2586542520945894,0.49936346250449504,1.0740152568422037,1.0740152568422037,1.0740152568422037,1.0740152568422037,1.0740152568422037,udp_scan
0.9959998233475708,-0.5498975067269439,-1.2586542520945894,-0.31491578702757633,0.0,-1.221632427042615,0.6454854709669182,-1.2216324270426153,1.2657580258456025,-1.0740152568422034,-1.0740152568422034,-0.71143163362698,0.0,0.0,1.1471811032245511,1.1661595443085742,-1.1578672735905835,1.2657580258456025,0.0,-1.2586542520945894,-0.6339085515672855,0.0,0.0,-3.469446951953614e-18,0.0,0.0,0.0,0.0,0.0,0.5498975067269439,1.0740152568422037,1.2586542520945894,1.2586542520945894,1.2586542520945894,0.49936346250449504,1.0740152568422037,1.0740152568422037,1.0740152568422037,1.0740152568422037,1.0740152568422037,icmp_flood
-0.8692550469368361,1.8185207020706828,0.7944993617872821,1.2292150942578886,0.0,0.8185768303652898,1.5450125274799458,0.8185768303652896,1.160175276792836,0.9310854698099713,0.9310854698099713,-0.71143163362698,0.0,0.0,-0.8722819620571747,-0.9664324848493213,-1.1578672735905835,1.160175276792835,0.0,0.7944993617872821,1.7561212371493518,0.0,0.0,-3.469446951953614e-18,0.0,0.0,0.0,0.0,0.0,-1.8185207020706826,-0.9310854698099713,-0.7944993617872822,-0.7944993617872822,-0.7944993617872822,-2.002549395553741,-0.9310854698099713,-0.9310854698099713,-0.9310854698099713,-0.9310854698099713,-0.9310854698099713,normal
-0.8692550469368361,1.8185207020706828,0.7944993617872821,1.2292150942578886,0.0,0.8185768303652898,1.5450125274799458,0.8185768303652896,1.2657580258456025,0.9310854698099713,0.9310854698099713,-0.71143163362698,0.0,0.0,-0.8722819620571747,-0.11339567318616328,-0.2900559638896358,1.2657580258456025,0.0,0.7944993617872821,1.7561212371493518,0.0,0.0,-3.469446951953614e-18,0.0,0.0,0.0,0.0,0.0,-1.8185207020706826,-0.9310854698099713,-0.7944993617872822,-0.7944993617872822,-0.7944993617872822,-2.002549395553741,-0.9310854698099713,-0.9310854698099713,-0.9310854698099713,-0.9310854698099713,-0.9310854698099713,normal
-0.8692550469368361,1.8185207020706828,0.7944993617872821,1.2292150942578886,0.0,0.8185768303652898,1.5450125274799458,0.8185768303652896,1.2657580258456025,0.9310854698099713,0.9310854698099713,-0.71143163362698,0.0,0.0,-0.8722819620571747,-0.11339567318616328,0.8670257823782943,1.2657580258456025,0.0,0.7944993617872821,1.7561212371493518,0.0,0.0,-3.469446951953614e-18,0.0,0.0,0.0,0.0,0.0,-1.8185207020706826,-0.9310854698099713,-0.7944993617872822,-0.7944993617872822,-0.7944993617872822,-2.002549395553741,-0.9310854698099713,-0.9310854698099713,-0.9310854698099713,-0.9310854698099713,-0.9310854698099713,normal
-0.8692550469368361,-0.5498975067269439,0.7944993617872821,0.24658635162168366,0.0,0.8185768303652898,-0.4789233496743663,0.8185768303652896,-0.36049975318863686,0.9310854698099713,0.9310854698099713,1.4056164397720938,0.0,0.0,-0.8722819620571747,-0.9664324848493213,0.8670257823782943,-0.36049975318863686,0.0,0.7944993617872821,-0.6262910616252029,0.0,0.0,-3.469446951953614e-18,0.0,0.0,0.0,0.0,0.0,0.5498975067269439,-0.9310854698099713,-0.7944993617872822,-0.7944993617872822,-0.7944993617872822,0.49936346250449504,-0.9310854698099713,-0.9310854698099713,-0.9310854698099713,-0.9310854698099713,-0.9310854698099713,syn_scan
-0.8692550469368361,-0.5498975067269439,0.7944993617872821,0.24658635162168366,0.0,0.8185768303652898,-0.4789233496743663,0.8185768303652896,-0.36049975318863686,0.9310854698099713,0.9310854698099713,1.4056164397720938,0.0,0.0,-0.8722819620571747,-0.9664324848493213,0.8670257823782943,-0.36049975318863686,0.0,0.7944993617872821,-0.6339085515672855,0.0,0.0,-3.469446951953614e-18,0.0,0.0,0.0,0.0,0.0,0.5498975067269439,-0.9310854698099713,-0.7944993617872822,-0.7944993617872822,-0.7944993617872822,0.49936346250449504,-0.9310854698099713,-0.9310854698099713,-0.9310854698099713,-0.9310854698099713,-0.9310854698099713,syn_scan
0.9959998233475708,-0.5498975067269439,-1.2586542520945894,-1.391128219438658,0.0,-1.221632427042615,-1.0786080540163847,-1.2216324270426153,-1.2533471612858662,-1.0740152568422034,-1.0740152568422034,-0.71143163362698,0.0,0.0,1.1471811032245511,1.1661595443085742,-1.1578672735905835,-1.2533471612858662,0.0,-1.2586542520945894,-0.6339085515672855,0.0,0.0,-3.469446951953614e-18,0.0,0.0,0.0,0.0,0.0,0.5498975067269439,1.0740152568422037,1.2586542520945894,1.2586542520945894,1.2586542520945894,0.49936346250449504,1.0740152568422037,1.0740152568422037,1.0740152568422037,1.0740152568422037,1.0740152568422037,udp_scan
-0.8692550469368361,1.8185207020706828,0.7944993617872821,1.2292150942578886,0.0,0.8185768303652898,1.5450125274799458,0.8185768303652896,1.2657580258456025,0.9310854698099713,0.9310854698099713,-0.71143163362698,0.0,0.0,1.1471811032245511,-0.6782443728009572,0.8670257823782943,1.2657580258456025,0.0,0.7944993617872821,-0.18848585021715758,0.0,0.0,-3.469446951953614e-18,0.0,0.0,0.0,0.0,0.0,-1.8185207020706826,-0.9310854698099713,-0.7944993617872822,-0.7944993617872822,-0.7944993617872822,-2.002549395553741,-0.9310854698099713,-0.9310854698099713,-0.9310854698099713,-0.9310854698099713,-0.9310854698099713,normal
